country_of_origin,aroma,flavor,aftertaste,acidity,body,balance,uniformity,clean_cup,sweetness,cupper_points,Continent
Ethiopia,8.67,8.83,8.67,8.75,8.5,8.42,10,10,10,8.75,Africa
Ethiopia,8.75,8.67,8.5,8.58,8.42,8.42,10,10,10,8.58,Africa
Guatemala,8.42,8.5,8.42,8.42,8.33,8.42,10,10,10,9.25,Americas
Ethiopia,8.17,8.58,8.42,8.42,8.5,8.25,10,10,10,8.67,Africa
Ethiopia,8.25,8.5,8.25,8.5,8.42,8.33,10,10,10,8.58,Africa
Brazil,8.58,8.42,8.42,8.5,8.25,8.33,10,10,10,8.33,Americas
Peru,8.42,8.5,8.33,8.5,8.25,8.25,10,10,10,8.5,Americas
Ethiopia,8.25,8.33,8.5,8.42,8.33,8.5,10,10,9.33,9,Africa
Ethiopia,8.67,8.67,8.58,8.42,8.33,8.42,9.33,10,9.33,8.67,Africa
Ethiopia,8.08,8.58,8.5,8.5,7.67,8.42,10,10,10,8.5,Africa
Ethiopia,8.17,8.67,8.25,8.5,7.75,8.17,10,10,10,8.58,Africa
United States,8.25,8.42,8.17,8.33,8.08,8.17,10,10,10,8.5,North America
United States,8.08,8.67,8.33,8.42,8,8.08,10,10,10,8.33,North America
United States (Hawaii),8.33,8.42,8.08,8.25,8.25,8,10,10,10,8.58,North America
Ethiopia,8.25,8.33,8.5,8.25,8.58,8.75,9.33,10,9.33,8.5,Africa
United States,8,8.5,8.58,8.17,8.17,8,10,10,10,8.17,North America
Indonesia,8.33,8.25,7.83,7.75,8.5,8.42,10,10,10,8.33,Asia
Ethiopia,8.17,8.33,8.25,8.33,8.42,8.33,9.33,10,9.33,8.83,Africa
China,8.42,8.25,8.08,8.17,7.92,8,10,10,10,8.42,Asia
Ethiopia,8.17,8.17,8,8.17,8.08,8.33,10,10,10,8.33,Africa
United States,8,8.25,8.08,8.5,8.25,8,10,10,10,8.17,North America
Costa Rica,8.08,8.25,8,8.17,8,8.33,10,10,10,8.33,Americas
Mexico,8.17,8.25,8.17,8,7.83,8.17,10,10,10,8.58,North America
United States,8.25,8.33,8.17,8.17,7.83,8.17,10,10,10,8.17,North America
Ethiopia,8.42,8.17,7.92,8.17,8.33,8,10,10,10,8.08,Africa
Brazil,8.5,8.5,8,8,8,8,10,10,10,7.92,Americas
Ethiopia,7.83,8.25,8.08,8.17,8.17,8.17,10,10,10,8.25,Africa
Uganda,8.42,8.17,8.17,8.17,7.83,7.92,10,10,10,8.17,Africa
Honduras,8.17,8.08,8.08,8,8.08,8,10,10,10,8.25,Americas
Taiwan,8,8,8,8.25,8,8.17,10,10,10,8.17,Asia
Nicaragua,7.92,8.25,8,8.33,8,8.08,10,10,10,8,Americas
"Tanzania, United Republic Of",8.42,8.17,8.17,8,7.58,8,10,10,10,8.17,Africa
Brazil,8.5,8.17,8,7.75,8,8,10,10,10,8,Americas
Costa Rica,8.17,7.83,8,8.08,7.83,8,10,10,10,8.42,Americas
Ethiopia,8,8.08,7.92,8,8.08,8.08,10,10,10,8.08,Africa
Kenya,8.08,8,8,8.25,7.92,7.92,10,10,10,8.08,Africa
United States (Hawaii),8.08,8.17,8,7.92,7.92,7.83,10,10,10,8.33,North America
United States (Hawaii),8.25,8.42,8.08,7.75,7.67,7.83,10,10,10,8.25,North America
Ethiopia,7.92,7.75,8.08,8.08,8.08,8.17,10,10,10,8.17,Africa
United States,7.67,8.17,8,8,8.17,8.08,10,10,10,8.08,North America
Thailand,7.83,8.33,7.83,8.25,7.58,7.92,10,10,10,8.42,Asia
Brazil,8.17,7.92,7.92,7.75,8.33,8,10,10,10,8.08,Americas
Brazil,8.42,7.92,8,7.75,7.92,8,10,10,10,8.17,Americas
Taiwan,8.08,8.17,7.75,8.08,7.75,7.83,10,10,10,8.42,Asia
Kenya,8.08,8.08,8,8,7.83,8.08,10,10,10,8,Africa
Brazil,8.33,8,8,8,7.75,8,10,10,10,8,Americas
Uganda,8.08,8.08,7.83,7.92,8.08,7.92,10,10,10,8.08,Africa
Colombia,7.75,7.92,7.83,8.08,8.08,8.17,10,10,10,8.17,Americas
Kenya,7.92,8.17,7.83,8.5,7.5,7.92,10,10,10,8.17,Africa
Uganda,8.25,8,7.83,8.08,8,7.92,10,10,10,7.92,Africa
Ethiopia,7.75,8.08,8,8.25,8,8,10,10,10,7.92,Africa
United States (Hawaii),8.33,8.17,7.75,8,7.75,7.83,10,10,10,8.17,North America
Guatemala,7.92,8.08,7.92,8.08,8.08,7.83,10,10,10,8,Americas
Uganda,8.17,8.17,7.92,8.08,7.83,7.75,10,10,10,8,Africa
Colombia,8,8,8,8.17,7.83,8,10,10,10,7.92,Americas
Panama,8,8,7.92,8.08,7.83,8,10,10,10,8,Americas
Ethiopia,7.83,8.08,7.92,8.08,8,7.92,10,10,10,8,Africa
Guatemala,7.83,8,8,8.17,7.83,8,10,10,10,8,Americas
Guatemala,8,8,7.83,8.33,7.83,7.83,10,10,10,8,Americas
Ethiopia,7.83,8,7.83,8.17,7.92,8,10,10,10,8,Africa
Peru,8,8,8,8.08,7.92,7.75,10,10,10,8,Americas
Papua New Guinea,8.33,8.42,7.83,8.33,8,8.25,9.33,9.33,10,7.92,Oceania
El Salvador,7.92,8.17,8,7.92,7.75,7.83,10,10,10,8,Americas
El Salvador,7.83,8,8,7.75,7.92,8.17,10,10,10,7.92,Americas
United States (Hawaii),7.83,8,7.92,7.75,8.08,8,10,10,10,8,North America
Panama,8,7.75,7.83,7.83,7.67,8.58,10,10,10,7.83,Americas
Kenya,7.92,7.92,7.83,8.08,7.83,7.92,10,10,10,8,Africa
Ethiopia,7.83,8,7.83,7.92,7.83,8.08,10,10,10,8,Africa
Uganda,8.33,7.92,7.67,7.92,7.67,7.92,10,10,10,8.08,Africa
Guatemala,8,7.83,7.67,8.33,7.83,8,10,10,10,7.83,Americas
Ethiopia,7.75,7.83,7.83,8.17,7.92,7.83,10,10,10,8.08,Africa
Uganda,8.08,8,7.83,7.67,8,7.83,10,10,10,8,Africa
United States (Hawaii),7.92,7.92,7.75,7.92,7.75,7.92,10,10,10,8.25,North America
Brazil,8,8,8,7.67,7.75,8,10,10,10,8,Americas
El Salvador,8.08,7.83,7.83,8.08,7.83,7.83,10,10,10,7.92,Americas
China,8,8,8,7.83,7.83,7.75,10,10,10,7.92,Asia
Guatemala,7.83,7.75,7.83,7.67,7.83,8.58,10,10,10,7.83,Americas
Costa Rica,7.92,8.08,8,7.92,8,8.08,10,10,9.33,8,Americas
Costa Rica,8,7.58,7.58,7.67,8.08,8.5,10,10,10,7.92,Americas
Kenya,7.83,8.08,7.75,8.08,7.92,7.75,10,10,10,7.92,Africa
Kenya,8,7.92,7.92,8.08,7.83,7.75,10,10,10,7.83,Africa
Ethiopia,7.83,7.83,7.92,8.08,7.75,7.83,10,10,10,8.08,Africa
Ethiopia,7.92,7.83,7.75,8.33,7.75,7.75,10,10,10,8,Africa
Guatemala,8,7.92,7.75,8,7.92,7.83,10,10,10,7.83,Americas
Colombia,8.17,7.92,7.83,8,7.58,7.83,10,10,10,7.92,Americas
Colombia,7.58,8.08,7.92,7.83,8,7.92,10,10,10,7.92,Americas
Indonesia,7.75,7.83,7.67,8,8.08,7.83,10,10,10,8,Asia
Guatemala,8.25,8,7.67,7.92,7.75,7.67,10,10,10,7.92,Americas
Ethiopia,7.75,8,7.58,8,8,7.92,10,10,10,7.83,Africa
Colombia,8.17,7.83,7.58,8.08,8,7.75,10,10,10,7.67,Americas
Ethiopia,8.42,8,7.42,8,7.92,7.92,9.33,10,10,8.08,Africa
United States (Hawaii),7.58,7.83,7.83,7.92,7.83,8.17,10,10,10,7.92,North America
Colombia,7.83,8,7.75,7.75,7.83,7.83,10,10,10,8.08,Americas
United States (Hawaii),8.08,8.17,7.92,8,8.08,8,9.33,9.33,10,8.17,North America
Ethiopia,7.67,8,7.83,8,7.92,7.83,10,10,10,7.83,Africa
United States (Hawaii),7.5,7.92,8.25,7.83,7.92,7.75,10,10,10,7.92,North America
Uganda,8.17,7.92,7.75,7.75,7.67,7.75,10,10,10,8,Africa
Colombia,8,7.92,7.75,7.92,7.75,7.83,10,10,10,7.83,Americas
Costa Rica,7.83,8,7.58,7.92,7.92,7.83,10,10,10,7.92,Americas
Mexico,7.83,8,7.83,7.75,7.67,7.83,10,10,10,8.08,North America
Kenya,8.17,7.83,7.92,7.75,7.67,7.83,10,10,10,7.83,Africa
Kenya,7.75,7.83,7.75,8.08,8,7.75,10,10,10,7.83,Africa
Brazil,8,8,7.83,7.83,7.67,7.67,10,10,10,8,Americas
Mexico,7.92,8.17,7.75,8.08,7.42,7.83,10,10,10,7.83,North America
United States (Hawaii),7.75,7.92,7.75,7.75,8,8,10,10,10,7.83,North America
Guatemala,7.83,8.08,7.67,8,7.75,7.67,10,10,10,8,Americas
Colombia,7.92,7.92,7.67,7.83,7.92,7.83,10,10,10,7.83,Americas
Colombia,7.92,7.83,7.75,7.83,7.75,8,10,10,10,7.83,Americas
Taiwan,7.67,7.83,8,7.58,8,7.92,10,10,10,7.92,Asia
"Tanzania, United Republic Of",8,7.83,7.83,7.92,7.75,7.75,10,10,10,7.83,Africa
Colombia,7.75,7.92,7.83,7.75,7.75,8,10,10,10,7.92,Americas
Mexico,7.75,8,7.75,7.83,7.5,7.92,10,10,10,8.17,North America
Brazil,8,7.92,7.75,7.75,8,7.75,10,10,10,7.75,Americas
Brazil,8,8,7.75,8,7.5,7.75,10,10,10,7.92,Americas
Kenya,8,7.67,7.83,8.17,7.92,7.75,10,10,10,7.58,Africa
Taiwan,7.92,7.58,7.83,7.83,7.83,7.83,10,10,10,8,Asia
Uganda,7.75,7.92,7.67,7.67,8.25,7.75,10,10,10,7.83,Africa
United States (Hawaii),7.67,7.75,7.75,7.75,7.83,8,10,10,10,8.08,North America
Ethiopia,7.75,7.92,7.83,7.92,7.75,7.67,10,10,10,8,Africa
Ethiopia,7.42,7.92,7.92,8,7.83,7.83,10,10,10,7.92,Africa
Thailand,7.75,7.75,7.75,7.75,8,7.75,10,10,10,8,Asia
Kenya,7.92,7.83,7.58,7.92,7.75,7.83,10,10,10,7.92,Africa
Honduras,7.83,7.75,8,7.67,7.67,7.67,10,10,10,8.17,Americas
El Salvador,7.75,8,8,8.33,7.67,7.92,10,10,9.33,7.75,Americas
Nicaragua,7.83,7.58,7.58,7.83,7.75,7.67,10,10,10,8.5,Americas
El Salvador,7.83,7.83,7.5,8,7.83,7.67,10,10,10,8,Americas
Indonesia,7.92,7.83,7.75,7.75,7.75,7.75,10,10,10,7.92,Asia
Japan,7.75,7.75,7.75,7.42,8.08,7.83,10,10,10,8.08,Asia
Costa Rica,8.08,7.75,7.67,7.83,7.5,7.92,10,10,10,7.92,Americas
Guatemala,7.75,7.83,7.58,8,7.92,7.75,10,10,10,7.83,Americas
Costa Rica,8.17,8,7.83,7.17,7.83,7.75,10,10,10,7.92,Americas
Ethiopia,8.08,7.83,7.75,7.83,7.58,7.67,10,10,10,7.92,Africa
Costa Rica,7.67,7.58,7.75,7.75,7.67,8.58,10,10,10,7.67,Americas
Costa Rica,8,7.58,7.83,7.75,7.75,7.75,10,10,10,8,Americas
Costa Rica,8.08,7.83,7.75,7.83,7.92,8,10,10,9.33,7.92,Americas
Taiwan,8,7.92,7.75,7.75,7.75,7.75,10,10,10,7.75,Asia
Colombia,7.75,7.83,7.75,7.83,7.75,7.83,10,10,10,7.92,Americas
Kenya,7.75,7.92,7.83,8,7.58,7.75,10,10,10,7.83,Africa
Guatemala,8,7.83,7.67,7.83,7.67,8,10,10,10,7.67,Americas
Guatemala,7.67,7.83,7.67,8,7.67,7.83,10,10,10,8,Americas
Mexico,7.83,7.58,7.67,7.92,7.92,7.83,10,10,10,7.92,North America
Uganda,7.92,7.83,7.75,7.92,7.67,7.75,10,10,10,7.83,Africa
Peru,7.67,7.83,7.75,7.75,7.92,7.83,10,10,10,7.92,Americas
Ethiopia,7.42,7.75,7.75,8,8,7.92,10,10,10,7.83,Africa
Kenya,7.92,7.75,7.83,7.75,7.58,7.92,10,10,10,7.83,Africa
Colombia,7.83,7.67,7.58,7.92,7.67,7.83,10,10,10,8.08,Americas
Colombia,7.92,7.83,7.58,8,7.83,7.67,10,10,10,7.75,Americas
Kenya,7.83,7.83,7.83,7.75,7.58,7.83,10,10,10,7.92,Africa
Guatemala,7.75,7.83,7.67,7.92,7.75,7.83,10,10,10,7.83,Americas
Guatemala,8,7.92,7.67,7.58,7.58,7.67,10,10,10,8.17,Americas
Colombia,7.67,7.67,7.58,7.75,7.58,8.5,10,10,10,7.83,Americas
Colombia,7.75,7.75,7.83,7.75,7.58,8,10,10,10,7.92,Americas
Kenya,7.75,7.75,7.75,8.08,7.75,7.75,10,10,10,7.75,Africa
Colombia,7.67,7.83,7.83,8,7.58,7.92,10,10,10,7.75,Americas
Costa Rica,7.75,7.83,7.75,8,7.83,7.67,10,10,10,7.75,Americas
Colombia,7.42,7.67,7.75,7.75,8.08,7.83,10,10,10,8.08,Americas
Brazil,8,8,7.75,7.75,7.58,7.75,10,10,10,7.75,Americas
Brazil,8.5,8,7.5,7.75,7.5,7.83,10,10,10,7.5,Americas
Costa Rica,7.92,7.67,7.92,7.75,7.67,7.58,10,10,10,8,Americas
Uganda,7.92,7.75,7.67,7.75,7.83,7.75,10,10,10,7.83,Africa
China,7.75,7.92,7.67,7.83,7.75,7.67,10,10,10,7.92,Asia
Costa Rica,7.92,7.83,7.83,7.83,7.58,7.58,10,10,10,7.92,Americas
Colombia,8.08,7.67,7.83,7.83,7.67,7.67,10,10,10,7.75,Americas
China,7.67,8,7.75,7.83,7.75,7.58,10,10,10,7.92,Asia
Guatemala,8.17,7.83,7.67,7.83,7.67,7.83,10,10,10,7.5,Americas
Kenya,7.92,7.83,7.67,8,7.67,7.75,10,10,10,7.67,Africa
Mexico,8,7.92,7.42,8.08,7.5,7.67,10,10,10,7.92,North America
Mexico,7.92,7.83,7.75,7.75,7.75,7.83,10,10,10,7.67,North America
Guatemala,7.67,8,7.67,8,7.5,7.83,10,10,10,7.83,Americas
Brazil,7.81,7.81,7.88,7.75,7.38,8.25,9.5,10,10,8.13,Americas
Brazil,8.17,7.67,7.75,7.75,7.67,7.75,10,10,10,7.75,Americas
Costa Rica,7.58,7.83,7.83,8,7.67,7.58,10,10,10,7.92,Americas
Indonesia,7.67,7.67,7.83,7.58,7.83,7.83,10,10,10,8,Asia
Colombia,7.92,7.83,7.75,7.67,7.92,7.67,10,10,10,7.67,Americas
Colombia,7.92,7.75,7.67,7.92,7.67,7.75,10,10,10,7.75,Americas
Taiwan,7.83,7.83,7.75,8,7.5,7.75,10,10,10,7.75,Asia
United States (Hawaii),7.92,7.92,7.5,7.83,7.5,7.92,10,10,10,7.83,North America
Mexico,7.75,7.92,7.75,7.67,7.83,7.67,10,10,10,7.83,North America
Ethiopia,7.5,7.75,7.83,7.92,7.92,7.75,10,10,10,7.75,Africa
Kenya,7.33,7.58,7.83,7.75,7.75,7.92,10,10,10,8.17,Africa
Honduras,7.92,8,7.75,7.67,7.67,7.75,10,10,10,7.58,Americas
Colombia,7.58,7.75,7.5,7.83,7.67,8.5,10,10,10,7.5,Americas
Honduras,7.58,7.92,7.58,7.75,7.92,7.75,10,10,10,7.83,Americas
Colombia,7.67,7.67,7.75,7.83,7.75,7.83,10,10,10,7.83,Americas
Colombia,7.75,7.67,8,7.67,8.08,7.83,10,10,10,7.33,Americas
Colombia,7.75,7.58,7.33,7.83,7.58,8.08,10,10,10,8.17,Americas
Mexico,8,7.75,7.75,7.83,7.5,7.67,10,10,10,7.83,North America
Brazil,8.17,8,7.5,7.75,7.5,7.67,10,10,10,7.75,Americas
Brazil,8,8,7.5,7.5,7.67,7.75,10,10,10,7.92,Americas
Ethiopia,7.75,7.75,7.92,7.75,7.5,7.92,10,10,10,7.75,Africa
Guatemala,7.5,7.67,7.75,7.67,7.92,7.92,10,10,10,7.92,Americas
Taiwan,7.92,7.75,7.75,7.67,7.67,7.83,10,10,10,7.67,Asia
Thailand,7.83,7.75,7.75,7.42,7.83,7.67,10,10,10,8,Asia
Colombia,7.83,7.58,7.75,7.58,7.67,8,10,10,10,7.83,Americas
Guatemala,7.75,7.75,7.58,7.92,7.75,7.75,10,10,10,7.75,Americas
Guatemala,7.75,7.92,7.5,8.08,7.58,7.67,10,10,10,7.75,Americas
China,7.83,7.83,7.58,7.75,7.75,7.75,10,10,10,7.75,Asia
Colombia,7.67,7.67,7.75,7.75,7.67,7.92,10,10,10,7.83,Americas
Colombia,7.83,7.67,7.75,7.58,7.92,7.75,10,10,10,7.75,Americas
Colombia,7.83,7.75,7.83,7.58,7.67,7.75,10,10,10,7.83,Americas
Colombia,7.42,7.67,7.83,7.75,7.92,7.83,10,10,10,7.83,Americas
"Tanzania, United Republic Of",7.83,7.67,7.75,7.83,7.67,7.67,10,10,10,7.83,Africa
"Tanzania, United Republic Of",7.83,7.75,7.75,7.75,7.67,7.75,10,10,10,7.75,Africa
Guatemala,7.83,7.83,7.5,7.92,7.58,7.75,10,10,10,7.83,Americas
Colombia,7.58,7.5,7.75,7.83,7.92,7.83,10,10,10,7.83,Americas
United States (Hawaii),7.33,7.92,7.92,7.92,7.92,8.08,10,10,9.33,7.83,North America
Mexico,7.83,7.92,7.67,7.83,7.5,7.75,10,10,10,7.75,North America
Mexico,7.83,7.83,7.75,7.67,7.83,7.58,10,10,10,7.75,North America
Mexico,7.83,7.92,7.67,7.75,7.5,7.75,10,10,10,7.83,North America
Uganda,8.17,7.75,7.58,7.67,7.83,7.58,10,10,10,7.67,Africa
Guatemala,7.75,7.83,7.58,7.83,7.67,7.75,10,10,10,7.75,Americas
Colombia,7.83,7.75,7.58,7.67,7.75,7.83,10,10,10,7.75,Americas
Costa Rica,7.92,7.75,7.67,7.67,7.5,7.67,10,10,10,8,Americas
Guatemala,7.75,7.75,7.58,8,7.67,7.83,10,10,10,7.58,Americas
Guatemala,7.75,7.92,7.58,7.92,7.67,7.67,10,10,10,7.67,Americas
Guatemala,7.58,7.83,7.58,7.83,7.83,7.67,10,10,10,7.83,Americas
Colombia,8,7.5,7.5,7.67,8,7.83,10,10,10,7.67,Americas
Nicaragua,7.67,7.83,7.83,7.5,7.67,7.83,10,10,10,7.83,Americas
Brazil,7.67,7.75,7.75,7.67,7.83,7.75,10,10,10,7.75,Americas
Costa Rica,7.67,7.75,7.67,7.75,7.5,8,10,10,10,7.83,Americas
Ethiopia,7.5,7.92,7.58,7.83,7.75,7.83,10,10,10,7.75,Africa
"Tanzania, United Republic Of",7.92,7.75,7.75,7.75,7.75,7.58,10,10,10,7.67,Africa
Colombia,7.67,7.5,7.67,7.42,7.83,8.58,10,10,10,7.5,Americas
Guatemala,7.67,7.75,7.67,7.75,7.75,7.75,10,10,10,7.83,Americas
Kenya,7.58,7.75,7.75,7.75,7.75,7.83,10,10,10,7.75,Africa
Brazil,7.58,7.83,7.75,7.67,7.67,8,10,10,10,7.67,Americas
Guatemala,7.92,7.75,7.67,7.67,7.83,7.92,10,10,10,7.42,Americas
El Salvador,8.42,8.08,7.5,7.17,7.58,8.17,9.33,10,10,7.92,Americas
Colombia,7.75,7.75,7.75,7.75,7.83,7.75,10,10,10,7.58,Americas
Guatemala,7.83,7.5,7.5,8,7.83,7.83,10,10,10,7.67,Americas
Uganda,7.83,7.75,7.5,7.83,7.83,7.75,10,10,10,7.67,Africa
Indonesia,7.81,7.88,7.56,7.75,7.63,7.75,10,10,10,7.75,Asia
Colombia,7.83,7.5,7.42,7.5,7.83,8.5,10,10,10,7.5,Americas
Taiwan,7.58,7.67,7.67,7.67,7.75,7.83,10,10,10,7.92,Asia
Guatemala,8,7.75,7.5,7.58,7.92,7.67,10,10,10,7.67,Americas
Colombia,7.92,7.75,7.67,7.75,7.67,7.67,10,10,10,7.67,Americas
Guatemala,7.58,7.75,7.67,8,7.75,7.67,10,10,10,7.67,Americas
United States (Hawaii),7.83,7.75,7.83,7.83,7.42,8.08,9.33,10,10,8,North America
Mexico,7.67,7.75,7.67,7.75,7.67,7.75,10,10,10,7.83,North America
Ethiopia,7.92,7.92,7.83,8,7.92,7.92,10,10,8.67,7.92,Africa
Costa Rica,7.58,7.75,7.67,7.75,7.83,7.75,10,10,10,7.67,Americas
Ethiopia,7.83,7.75,7.67,7.75,7.33,7.75,10,10,10,7.92,Africa
Honduras,7.42,7.83,7.75,7.92,7.75,7.58,10,10,10,7.75,Americas
Guatemala,7.67,7.83,7.58,7.92,7.75,7.67,10,10,10,7.58,Americas
Colombia,7.67,7.67,7.83,7.58,7.58,7.83,10,10,10,7.83,Americas
Guatemala,7.92,7.67,7.42,7.92,7.75,7.83,10,10,10,7.5,Americas
Guatemala,7.75,7.83,7.5,7.83,7.58,7.67,10,10,10,7.83,Americas
Colombia,7.67,7.75,7.67,7.67,7.67,7.75,10,10,10,7.83,Americas
Colombia,7.58,7.42,7.75,7.92,7.75,7.92,10,10,10,7.67,Americas
Colombia,7.67,7.67,7.5,7.5,7.67,7.67,10,10,10,8.33,Americas
Ethiopia,7.75,7.75,7.5,7.58,7.67,7.92,10,10,10,7.83,Africa
Brazil,7.58,7.83,7.67,7.25,8,7.75,10,10,10,7.92,Americas
Colombia,7.67,7.83,7.67,7.75,7.67,7.75,10,10,10,7.67,Americas
Kenya,7.67,7.83,7.5,7.75,7.92,7.67,10,10,10,7.67,Africa
Thailand,7.92,8.17,8.17,8.42,8.08,8.17,8.67,8.67,9.33,8.42,Asia
Kenya,7.67,7.75,7.67,7.75,7.83,7.67,10,10,10,7.67,Africa
Uganda,7.92,7.75,7.58,7.67,7.67,7.83,10,10,10,7.58,Africa
Thailand,7.58,7.75,7.58,7.75,7.58,7.75,10,10,10,8,Asia
Brazil,7.5,7.75,7.58,7.5,7.58,7.5,10,10,10,8.5,Americas
Mexico,7.83,7.83,7.58,7.92,7.42,7.5,10,10,10,7.83,North America
Thailand,7.67,7.75,7.5,7.67,7.67,7.83,10,10,10,7.83,Asia
Brazil,7.58,7.67,7.67,7.75,7.58,7.83,10,10,10,7.83,Americas
Taiwan,7.83,7.75,7.83,7.75,7.83,7.75,9.33,10,10,7.83,Asia
Colombia,7.75,7.67,7.5,7.75,7.83,7.75,10,10,10,7.67,Americas
Colombia,7.75,7.58,7.5,7.83,7.75,7.92,10,10,10,7.58,Americas
Taiwan,7.75,7.75,7.58,7.75,7.75,7.67,10,10,10,7.67,Asia
Colombia,7.92,7.67,7.5,7.83,7.58,7.67,10,10,10,7.75,Americas
Colombia,7.83,7.75,7.58,7.58,7.75,7.75,10,10,10,7.67,Americas
Colombia,7.75,7.58,7.67,7.83,7.83,7.67,10,10,10,7.58,Americas
Taiwan,8,7.92,7.92,7.92,7.67,7.33,10,10,10,7.17,Asia
Colombia,7.67,7.83,7.67,7.75,7.67,7.83,10,10,10,7.5,Americas
Mexico,7.67,7.75,7.58,7.67,7.75,7.83,10,10,10,7.67,North America
Mexico,7.5,7.67,7.58,7.83,7.75,7.75,10,10,10,7.83,North America
Mexico,7.75,7.92,7.83,7.92,7.75,7.67,9.33,10,10,7.75,North America
Colombia,7.92,7.58,7.5,7.83,7.58,7.67,10,10,10,7.75,Americas
Colombia,7.83,7.67,7.5,7.75,7.75,7.75,10,10,10,7.58,Americas
Costa Rica,7.67,7.67,7.75,7.67,7.5,7.75,10,10,10,7.83,Americas
Guatemala,7.75,7.75,7.5,7.75,7.83,7.58,10,10,10,7.67,Americas
Taiwan,7.75,7.67,7.5,7.75,7.75,7.67,10,10,10,7.75,Asia
Brazil,7.25,7.58,7.42,8,7.75,7.83,10,10,10,8,Americas
Taiwan,7.67,7.75,7.67,7.75,7.42,7.75,10,10,10,7.83,Asia
Ethiopia,7.75,7.75,7.67,7.67,7.58,7.67,10,10,10,7.75,Africa
Brazil,7.67,7.67,7.58,7.5,7.83,8.17,10,10,9.33,8.08,Americas
Costa Rica,7.83,7.42,7.5,7.83,7.75,7.83,10,10,10,7.67,Americas
Guatemala,7.58,7.83,7.33,8,7.58,7.75,10,10,10,7.75,Americas
Brazil,7.92,7.5,7.33,7.67,8.17,7.5,10,10,10,7.75,Americas
Ecuador,7.5,7.67,7.58,7.75,7.83,7.83,10,10,10,7.67,Americas
Colombia,7.67,7.58,7.58,7.83,7.58,7.67,10,10,10,7.92,Americas
Guatemala,7.5,7.83,7.5,7.83,7.83,7.67,10,10,10,7.67,Americas
Mexico,7.67,8,7.67,7.42,7.67,7.5,10,10,10,7.92,North America
Mexico,7.67,7.58,7.5,7.75,7.75,7.75,10,10,10,7.83,North America
Brazil,7.83,7.83,7.58,7.67,7.5,7.58,10,10,10,7.83,Americas
Thailand,7.75,7.75,7.58,8,7.67,7.58,10,10,10,7.5,Asia
Thailand,7.5,7.83,7.58,7.58,7.75,7.83,10,10,10,7.75,Asia
Ethiopia,7.58,7.83,7.58,8,7.83,7.5,10,10,10,7.5,Africa
Kenya,7.75,7.58,7.5,7.58,7.75,7.75,10,10,10,7.83,Africa
Brazil,7.67,7.67,7.58,7.75,7.67,7.67,10,10,10,7.75,Americas
Colombia,7.83,7.83,7.58,7.58,7.58,7.58,10,10,10,7.75,Americas
Taiwan,7.67,7.67,7.58,7.58,7.67,7.83,10,10,10,7.75,Asia
Colombia,7.92,7.75,7.5,7.67,7.75,7.5,10,10,10,7.67,Americas
China,7.83,7.75,7.67,7.5,7.58,7.67,10,10,10,7.75,Asia
Colombia,7.75,7.67,7.5,7.67,7.58,7.83,10,10,10,7.75,Americas
Uganda,8,7.92,7.58,7.75,7.33,7.5,10,10,10,7.67,Africa
United States (Puerto Rico),7.83,7.83,7.83,7.67,8,8.17,9.33,9.33,10,7.75,North America
Colombia,7.67,7.67,7.67,7.92,7.5,7.67,10,10,10,7.67,Americas
Colombia,7.67,7.42,7.42,7.42,8,8.33,10,10,10,7.5,Americas
Colombia,7.58,7.67,7.75,7.67,7.67,7.67,10,10,10,7.75,Americas
Colombia,7.75,7.67,7.75,7.58,7.42,8,10,10,10,7.58,Americas
United States (Hawaii),7.25,7.42,7.67,7.58,7.83,8.25,10,10,10,7.75,North America
Mexico,7.83,7.58,7.58,7.5,7.75,7.67,10,10,10,7.83,North America
Guatemala,7.67,7.58,7.58,7.67,7.75,7.75,10,10,10,7.75,Americas
Colombia,7.83,7.83,7.58,7.33,7.42,7.67,10,10,10,8.08,Americas
Colombia,7.75,7.67,7.25,7.25,7.58,8.5,10,10,10,7.75,Americas
United States (Hawaii),7.83,7.67,7.75,7.67,7.58,7.5,10,10,10,7.75,North America
Brazil,7.67,7.83,7.5,7.67,7.67,7.5,10,10,10,7.83,Americas
Kenya,8.08,7.67,7.67,7.58,7.25,7.67,10,10,10,7.75,Africa
Honduras,7.5,7.5,7.67,7.67,8,8,10,10,10,7.33,Americas
Nicaragua,7.67,7.75,7.67,7.67,7.83,7.58,10,10,10,7.5,Americas
Brazil,7.58,7.75,7.58,7.75,7.58,7.58,10,10,10,7.83,Americas
Taiwan,7.5,7.67,7.33,7.92,7.83,7.67,10,10,10,7.75,Asia
Costa Rica,7.33,7.67,7.67,7.5,7.67,7.5,10,10,10,8.33,Americas
Thailand,7.5,7.75,7.58,7.83,7.67,7.58,10,10,10,7.75,Asia
Colombia,7.5,7.75,7.5,7.75,7.67,7.67,10,10,10,7.83,Americas
Guatemala,8,7.5,7.33,8,8,8,9.33,10,10,7.5,Americas
Colombia,7.83,7.75,7.67,7.58,7.58,7.67,10,10,10,7.58,Americas
Colombia,7.67,7.67,7.67,7.67,7.33,7.75,10,10,10,7.92,Americas
Guatemala,7.67,7.67,7.42,7.67,8,7.75,10,10,10,7.5,Americas
Guatemala,7.83,7.67,7.33,7.67,7.67,7.83,10,10,10,7.67,Americas
Colombia,7.75,7.75,7.58,7.83,7.17,7.75,10,10,10,7.83,Americas
Guatemala,8.17,8.17,7.83,7.67,8.08,7.75,9.33,9.33,9.33,8,Americas
Guatemala,7.67,8.17,7.5,7.42,7.58,7.83,10,10,10,7.5,Americas
Mexico,7.67,7.5,7.5,7.33,7.83,8.25,10,10,10,7.58,North America
Indonesia,8.17,7.67,7.58,7.58,7.42,7.67,10,10,10,7.58,Asia
Guatemala,7.67,7.5,7.33,8,7.67,7.67,10,10,10,7.83,Americas
United States (Hawaii),7.75,8,7.92,8.08,7.75,8,9.33,9.33,9.33,8.17,North America
Brazil,7.58,7.67,7.58,7.58,7.67,7.58,10,10,10,7.92,Americas
Guatemala,7.75,7.75,7.5,7.83,7.58,7.58,10,10,10,7.58,Americas
Colombia,7.75,7.75,7.58,7.58,7.67,7.58,10,10,10,7.67,Americas
China,7.67,7.58,7.58,7.58,7.67,7.75,10,10,10,7.75,Asia
Colombia,7.67,7.75,7.58,7.67,7.75,7.58,10,10,10,7.58,Americas
Mexico,7.75,7.75,7.58,7.58,7.5,7.67,10,10,10,7.75,North America
Ethiopia,7.75,7.67,7.58,7.67,7.5,7.67,10,10,10,7.75,Africa
Uganda,7.67,7.67,7.42,7.75,7.75,7.67,10,10,10,7.67,Africa
Colombia,7.67,7.58,7.67,7.67,7.67,7.67,10,10,10,7.67,Americas
Colombia,7.67,7.58,7.67,7.58,7.67,7.75,10,10,10,7.67,Americas
Colombia,7.75,7.58,7.5,7.58,7.75,7.83,10,10,10,7.58,Americas
Taiwan,7.75,7.75,7.75,7.75,7.5,7.58,10,10,10,7.5,Asia
Colombia,7.67,7.67,7.58,7.67,7.75,7.58,10,10,10,7.67,Americas
Mexico,7.83,7.67,7.58,7.58,7.67,7.58,10,10,10,7.67,North America
Colombia,7.67,7.58,7.58,7.58,7.67,7.75,10,10,10,7.75,Americas
Brazil,7.83,7.75,7.5,7.75,7.5,7.58,10,10,10,7.67,Americas
Colombia,7.75,7.58,7.58,7.75,7.75,7.5,10,10,10,7.58,Americas
Taiwan,7.58,7.58,7.17,7.17,7,7,10,10,10,10,Asia
Costa Rica,7.92,7.42,7.5,7.67,7.5,7.67,10,10,10,7.83,Americas
Colombia,7.75,7.58,7.58,7.5,7.75,7.75,10,10,10,7.58,Americas
Guatemala,7.67,7.75,7.5,7.83,7.58,7.58,10,10,10,7.58,Americas
Colombia,7.58,7.58,7.58,7.58,7.75,7.67,10,10,10,7.75,Americas
"Tanzania, United Republic Of",7.75,7.67,7.58,7.67,7.67,7.58,10,10,10,7.58,Africa
Indonesia,7.25,7.67,7.58,7.92,7.83,7.58,10,10,10,7.67,Asia
Ethiopia,7.67,7.75,7.5,7.58,7.75,7.67,10,10,10,7.58,Africa
Colombia,7.67,7.42,7.67,7.83,7.58,7.67,10,10,10,7.67,Americas
Colombia,8,7.58,7.25,7.58,7.92,7.58,10,10,10,7.58,Americas
Guatemala,7.58,7.75,7.5,7.83,7.42,7.67,10,10,10,7.75,Americas
Colombia,7.75,7.58,7.33,7.5,7.83,7.83,10,10,10,7.67,Americas
Honduras,7.67,7.5,7.67,7.5,7.67,7.67,10,10,10,7.83,Americas
Colombia,7.58,7.75,7.42,7.67,7.75,7.67,10,10,10,7.67,Americas
Colombia,7.58,7.67,7.58,7.75,7.58,7.75,10,10,10,7.58,Americas
Mexico,7.83,7.58,7.25,7.5,7.5,7.42,10,10,10,8.42,North America
Mexico,7.67,7.75,7.67,7.75,7.58,7.5,10,10,10,7.58,North America
Mexico,7.75,7.67,7.67,7.75,7.33,7.5,10,10,10,7.83,North America
Guatemala,7.83,7.5,7.5,8,7.67,7.5,10,10,10,7.5,Americas
Colombia,7.67,7.58,7.58,7.67,7.67,7.67,10,10,10,7.67,Americas
Guatemala,7.5,7.5,7.75,7.5,8,7.67,10,10,10,7.58,Americas
United States (Hawaii),7.5,7.67,7.58,7.92,7.58,7.67,10,10,10,7.58,North America
Indonesia,7.83,7.58,7.58,7.58,7.75,7.58,10,10,10,7.58,Asia
Colombia,7.5,7.58,7.58,7.5,7.75,7.83,10,10,10,7.67,Americas
Guatemala,7.67,7.75,7.5,7.58,7.58,7.67,10,10,10,7.67,Americas
Colombia,7.67,7.67,7.5,7.67,7.67,7.58,10,10,10,7.67,Americas
Costa Rica,7.58,7.5,7.42,7.92,7.5,7.67,10,10,10,7.83,Americas
Taiwan,7.67,7.67,7,7.08,7,7,10,10,10,10,Asia
Uganda,7.58,7.75,7.33,7.75,7.67,7.58,10,10,10,7.75,Africa
Thailand,7.5,7.58,7.75,7.5,7.75,7.67,10,10,10,7.67,Asia
El Salvador,7.58,7.5,7.75,7.58,7.75,7.67,10,10,10,7.58,Americas
Colombia,7.58,7.67,7.58,7.67,7.58,7.67,10,10,10,7.67,Americas
Brazil,7.33,7.83,7.75,7.5,7.42,7.83,10,10,10,7.75,Americas
"Tanzania, United Republic Of",7.75,7.67,7.58,7.67,7.58,7.58,10,10,10,7.58,Africa
Colombia,7.58,7.58,7.25,7.75,7.75,8.58,9.33,10,10,7.58,Americas
Guatemala,7.75,7.83,7.33,7.83,7.5,7.67,10,10,10,7.5,Americas
Guatemala,7.67,7.75,7.5,7.83,7.58,7.5,10,10,10,7.58,Americas
Guatemala,7.67,7.5,7.75,7.42,7.75,7.75,10,10,10,7.58,Americas
United States (Hawaii),7.42,7.75,7.67,7.58,7.67,7.67,10,10,10,7.67,North America
Colombia,7.5,7.75,7.58,7.5,7.67,7.75,10,10,10,7.67,Americas
Colombia,7.58,7.58,7.58,7.67,7.75,7.67,10,10,10,7.58,Americas
United States (Hawaii),7.5,7.92,7.42,7.67,7.83,7.58,10,10,10,7.5,North America
Thailand,7.58,7.25,7.5,7.92,7.92,7.42,10,10,10,7.83,Asia
Mexico,7.25,7.88,7.38,7.63,7.5,8.75,9,10,10,8,North America
Colombia,7.75,7.5,7.75,7.58,7.58,7.58,10,10,10,7.58,Americas
Colombia,7.67,7.58,7.58,7.42,7.67,7.75,10,10,10,7.67,Americas
Colombia,7.83,7.58,7.58,7.58,7.5,7.58,10,10,10,7.67,Americas
Brazil,7.5,7.83,7.33,7.58,7.58,7.92,10,10,10,7.58,Americas
Mexico,7.75,7.75,7.5,7.67,7.5,7.58,10,10,10,7.58,North America
Colombia,7.67,7.75,7.42,7.83,7.83,7.42,10,10,10,7.42,Americas
"Tanzania, United Republic Of",7.75,7.58,7.67,7.58,7.58,7.58,10,10,10,7.58,Africa
Mexico,7.67,7.67,7.58,7.67,7.5,7.58,10,10,10,7.67,North America
Costa Rica,7.67,7.67,7.42,7.67,7.67,7.67,10,10,10,7.58,Americas
United States (Hawaii),7.83,7.58,7.83,7.67,7.92,8,9.33,10,9.33,7.83,North America
Costa Rica,7.5,7.67,7.67,7.5,7.83,7.17,10,10,10,8,Americas
Peru,7.83,7.75,7.58,7.83,7.92,7.58,9.33,10,10,7.5,Americas
Haiti,7.58,7.5,7.67,7.5,7.83,7.42,10,10,10,7.83,Americas
Colombia,7.67,7.67,7.5,7.67,7.92,7.42,10,10,10,7.5,Americas
Guatemala,7.83,7.67,7.17,7.67,7.67,7.67,10,10,10,7.67,Americas
United States (Hawaii),7.92,7.5,7.58,7.83,7.67,7.67,9.33,10,10,7.83,North America
Burundi,7.75,7.67,7.33,7.5,7.5,7.75,10,10,10,7.83,Africa
Colombia,7.5,7.67,7.67,7.58,7.67,7.58,10,10,10,7.67,Americas
United States (Hawaii),8.08,7.83,7.83,7.75,7.67,7.58,9.33,10,9.33,7.92,North America
United States (Hawaii),7.58,7.67,7.58,7.5,7.83,7.67,10,10,10,7.5,North America
Mexico,7.67,7.83,7.42,7.83,7.33,7.5,10,10,10,7.67,North America
Costa Rica,7.5,7.5,7.83,7.5,7.67,7.67,10,10,10,7.58,Americas
Costa Rica,7.83,7.5,7.42,7.67,7.5,7.67,10,10,10,7.67,Americas
Guatemala,7.5,7.58,7.42,7.83,7.67,7.58,10,10,10,7.67,Americas
Uganda,7.5,7.67,7.67,7.42,7.67,7.67,10,10,10,7.67,Africa
Brazil,7.58,7.67,7.42,7.5,7.67,7.42,10,10,10,8,Americas
Colombia,7.58,7.67,7.67,7.17,7.75,7.83,10,10,10,7.58,Americas
Mexico,7.83,7.75,7.5,7.58,7.58,7.58,10,10,10,7.42,North America
Taiwan,7.67,7.5,7.5,7.5,7.67,7.83,10,10,10,7.58,Asia
Taiwan,7.92,7.83,7.75,7.58,7.5,7.33,10,10,10,7.33,Asia
Colombia,7.58,7.58,7.5,7.58,7.58,7.75,10,10,10,7.67,Americas
Guatemala,7.5,7.67,7.58,7.67,7.67,7.5,10,10,10,7.67,Americas
Colombia,7.83,7.5,7.67,7.33,7.67,7.67,10,10,10,7.58,Americas
Mexico,7.58,7.75,7.5,7.5,7.58,7.58,10,10,10,7.75,North America
United States (Hawaii),7.58,7.75,7.83,8,8.08,7.67,9.33,10,9.33,7.67,North America
Mexico,7.75,7.58,7.58,7.58,7.5,7.58,10,10,10,7.67,North America
Mexico,7.75,7.75,7.42,7.92,7.33,7.5,10,10,10,7.58,North America
Guatemala,7.83,7.58,7.08,7.83,7.42,8.08,10,10,10,7.42,Americas
Brazil,7.75,7.67,7.5,7.58,7.58,7.58,10,10,10,7.58,Americas
Colombia,7.67,7.58,7.58,7.42,7.83,7.58,10,10,10,7.58,Americas
Colombia,7.67,7.67,7.5,7.5,7.58,7.67,10,10,10,7.67,Americas
Colombia,7.92,7.75,7.25,7.42,7.83,7.58,10,10,10,7.5,Americas
Colombia,8,7.67,7.67,7.25,7.67,7.5,10,10,10,7.5,Americas
Colombia,7.92,7.75,7.5,7.42,7.42,7.67,10,10,10,7.58,Americas
Brazil,7.67,7.42,7.5,7.58,7.67,7.58,10,10,10,7.75,Americas
Guatemala,7.58,7.58,7.33,7.67,7.75,7.58,10,10,10,7.67,Americas
"Tanzania, United Republic Of",7.67,7.58,7.42,7.67,7.67,7.58,10,10,10,7.58,Africa
Peru,7.92,7.5,7.5,7.58,7.67,7.5,10,10,10,7.5,Americas
Vietnam,7.58,7.42,7.08,7.33,7.58,8.58,10,10,10,7.58,Asia
Guatemala,7.67,7.75,7.42,7.75,7.58,7.5,10,10,10,7.5,Americas
Honduras,7.67,7.67,7.5,7.67,7.5,7.67,10,10,10,7.5,Americas
China,7.5,7.67,7.33,7.67,7.67,7.67,10,10,10,7.67,Asia
China,7.67,7.67,7.5,7.67,7.42,7.58,10,10,10,7.67,Asia
El Salvador,7.5,7.5,7.33,7.67,8,7.67,10,10,10,7.5,Americas
Guatemala,7.5,7.75,7.5,7.83,7.58,7.5,10,10,10,7.5,Americas
Guatemala,7.92,7.67,7.42,7.75,7.5,7.5,10,10,10,7.42,Americas
Kenya,7.83,7.75,7.67,7.75,7.83,8.5,9.33,9.33,9.33,7.83,Africa
Thailand,7.67,7.58,7.58,7.75,7.42,7.67,10,10,10,7.5,Asia
"Tanzania, United Republic Of",7.58,7.67,7.67,7.58,7.42,7.58,10,10,10,7.67,Africa
Colombia,7.58,7.5,7.5,7.67,7.5,7.67,10,10,10,7.75,Americas
Uganda,8,7.67,7.5,7.42,7.33,7.58,10,10,10,7.67,Africa
Colombia,7.58,7.75,7.5,7.58,7.58,7.58,10,10,10,7.58,Americas
Honduras,7.5,7.5,7.5,7.67,7.67,7.67,10,10,10,7.67,Americas
Honduras,7.67,7.67,7.5,7.67,7.5,7.67,10,10,10,7.5,Americas
Guatemala,7.33,7.83,7.17,8.17,7.33,7.67,10,10,10,7.67,Americas
United States (Hawaii),7.5,7.5,7.58,7.42,7.92,7.67,10,10,10,7.58,North America
"Tanzania, United Republic Of",7.58,7.5,7.58,7.75,7.58,7.58,10,10,10,7.58,Africa
Guatemala,7.67,7.83,7.33,7.67,7.5,7.67,10,10,10,7.5,Americas
Mexico,7.75,7.58,7.58,7.58,7.5,7.42,10,10,10,7.75,North America
Mexico,7.75,7.67,7.58,7.5,7.42,7.58,10,10,10,7.67,North America
Mexico,7.58,7.75,7.42,7.67,7.5,7.58,10,10,10,7.67,North America
Colombia,7.67,7.5,7.5,7.5,7.58,8.17,10,10,10,7.25,Americas
Mexico,7.75,7.5,7.42,7.75,7.58,7.58,10,10,10,7.58,North America
Colombia,7.58,7.67,7.5,7.58,7.67,7.67,10,10,10,7.5,Americas
Mexico,7.5,7.75,7.58,7.58,7.67,7.5,10,10,10,7.58,North America
Brazil,7.75,7.67,7.58,7.5,7.58,7.58,10,10,10,7.5,Americas
Brazil,7.92,7.58,7.5,7.58,7.42,7.5,10,10,10,7.67,Americas
Guatemala,7.75,7.5,7.67,7.5,7.92,8,10,10,9.33,7.5,Americas
Brazil,7.75,7.5,7.58,7.5,7.75,7.5,10,10,10,7.58,Americas
Brazil,7.58,7.75,7.67,7.5,7.67,7.58,10,10,10,7.42,Americas
El Salvador,7.42,7.83,8.17,8.08,7.17,7.58,10,9.33,10,7.58,Americas
Ethiopia,7.75,8,7.67,8.08,7.83,7.92,9.33,9.33,9.33,7.92,Africa
Colombia,7.58,7.67,7.33,7.67,7.75,7.58,10,10,10,7.5,Americas
Colombia,7.75,7.5,7.5,7.42,8,7.75,10,10,10,7.17,Americas
Brazil,7.58,7.58,7.58,7.5,7.67,7.58,10,10,10,7.58,Americas
Brazil,7.33,7.67,7.67,7.33,7.75,7.42,10,10,10,7.92,Americas
Taiwan,7.83,7.92,7.5,7.83,7.67,7.25,9.33,10,10,7.75,Asia
Brazil,7.42,7.67,7.58,7.5,7.75,7.67,10,10,10,7.5,Americas
Brazil,7.58,7.83,7.67,7.42,7.42,7.5,10,10,10,7.67,Americas
Costa Rica,7.83,7.33,7.5,7.67,7.58,7.67,10,10,10,7.5,Americas
United States (Hawaii),7.33,7.75,7.58,7.33,7.83,7.67,10,10,10,7.58,North America
Taiwan,7.75,7.75,7.5,7.5,7.5,7.5,10,10,10,7.58,Asia
United States (Hawaii),7.83,7.83,7.33,7.17,7.75,7.67,10,10,10,7.5,North America
Mexico,7.75,7.67,7.42,7.75,7.5,7.5,10,10,10,7.5,North America
United States (Hawaii),7.67,7.58,7.5,7.67,7.92,8,9.33,9.33,10,8.08,North America
United States (Hawaii),7.33,7.58,7.58,7.92,7.67,7.58,10,10,10,7.42,North America
Colombia,7.33,7.33,7.33,7.58,7.25,8.08,10,10,10,8.17,Americas
Colombia,7.83,7.75,7.33,7.25,7.42,7.92,10,10,10,7.58,Americas
Indonesia,7.67,7.58,7.5,7.58,7.67,7.58,10,10,10,7.5,Asia
Guatemala,7.92,7.67,7.67,7.25,7.83,7.67,9.33,10,10,7.75,Americas
Brazil,7.58,7.5,7.5,7.75,7.67,7.5,10,10,10,7.5,Americas
Brazil,7.5,7.58,7.58,7.67,7.58,7.5,10,10,10,7.58,Americas
Brazil,7.5,7.67,7.58,7.67,7.58,7.42,10,10,10,7.58,Americas
Uganda,7.67,7.58,7.42,7.42,7.83,7.5,10,10,10,7.58,Africa
Uganda,7.67,7.67,7.5,7.58,7.42,7.5,10,10,10,7.67,Africa
Colombia,7.67,7.67,7.33,7.67,7.5,7.58,10,10,10,7.58,Americas
Vietnam,7.75,7.67,7.58,7.58,7.42,7.67,9.33,10,10,8,Asia
Guatemala,7.67,7.75,7.33,7.92,7.42,7.5,10,10,10,7.42,Americas
Guatemala,7.75,7.67,7.33,7.75,7.5,7.42,10,10,10,7.58,Americas
Guatemala,7.83,7.67,7.25,7.67,7.75,7.5,10,10,10,7.33,Americas
Brazil,7.67,7.67,7.67,7.5,7.42,7.5,10,10,10,7.58,Americas
Taiwan,7.92,7.92,7.83,7.58,7.33,7.25,10,10,10,7.17,Asia
Uganda,7.83,7.58,7.5,7.5,7.58,7.5,10,10,10,7.5,Africa
United States (Puerto Rico),7.67,7.5,7.67,7.83,7.75,7.83,10,10,9.33,7.42,North America
Guatemala,7.67,7.67,7.42,7.83,7.5,7.5,10,10,10,7.42,Americas
Costa Rica,7.67,7.58,7.5,7.58,7.5,7.5,10,10,10,7.67,Americas
Brazil,7.75,7.58,7.42,7.67,7.42,7.67,10,10,10,7.5,Americas
Colombia,7.75,7.42,7.33,7.5,7.58,7.17,10,10,10,8.25,Americas
Colombia,7.83,7.5,7.58,7.33,7.5,7.67,10,10,10,7.58,Americas
Colombia,7.33,7.67,7.75,7.42,7.75,7.58,10,10,10,7.5,Americas
Colombia,7.58,7.75,7.42,7.67,7.58,7.42,10,10,10,7.58,Americas
Colombia,7.5,7.5,7.42,7.58,7.75,7.58,10,10,10,7.67,Americas
Mexico,7.67,7.58,7.42,7.5,7.67,7.58,10,10,10,7.58,North America
Mexico,7.67,7.83,7.5,7.58,7.58,7.67,9.33,10,10,7.83,North America
Mexico,7.5,7.67,7.5,7.5,7.58,7.58,10,10,10,7.67,North America
Colombia,7.67,7.58,7.5,7.5,7.75,7.5,10,10,10,7.5,Americas
Colombia,7.75,7.58,7.5,7.67,7.83,7.75,9.33,10,10,7.58,Americas
Colombia,7.67,7.58,7.58,7.58,7.67,7.42,10,10,10,7.5,Americas
Guatemala,7.5,7.67,7.5,7.67,7.5,7.83,10,10,10,7.33,Americas
Colombia,7.67,7.67,7.58,7.5,7.67,7.42,10,10,10,7.5,Americas
Thailand,7.33,7.67,7.58,7.5,7.75,7.67,10,10,10,7.5,Asia
Colombia,7.33,7.67,7.58,7.33,7.58,7.92,10,10,10,7.58,Americas
United States (Hawaii),7.83,7.83,7.67,7.83,7.92,7.83,9.33,9.33,9.33,8.08,North America
United States (Hawaii),7.5,7.58,7.42,7.58,7.58,7.67,10,10,10,7.67,North America
Colombia,7.5,7.58,7.67,7.67,7.58,7.58,10,10,10,7.42,Americas
Nicaragua,7.58,7.83,7.75,7.92,7.92,8.08,9.33,9.33,9.33,7.92,Americas
Thailand,7.5,7.25,7.42,7.75,8.17,7.5,10,10,10,7.42,Asia
Brazil,7.67,7.58,7.5,7.58,7.58,7.5,10,10,10,7.5,Americas
El Salvador,7.5,7.5,7.75,7.58,7.92,7.83,10,10,9.33,7.5,Americas
Colombia,7.58,7.67,7.5,7.33,7.67,7.58,10,10,10,7.58,Americas
Taiwan,7.17,7.83,7.25,7.67,7.67,7.58,10,10,10,7.75,Asia
Ethiopia,7.58,7.58,7.5,7.5,7.58,7.58,10,10,10,7.58,Africa
Taiwan,7.5,7.58,7.67,7.33,7.5,7.75,10,10,10,7.58,Asia
Philippines,7.58,7.58,7.67,7.58,7.5,7.5,10,10,10,7.5,Asia
Philippines,8.08,7.5,7.67,7.42,7.33,7.5,10,10,10,7.42,Asia
Mexico,7.83,7.67,7.25,7.58,7.5,7.5,10,10,10,7.58,North America
Mexico,7.75,7.67,7.42,7.42,7.75,7.5,10,10,10,7.42,North America
Brazil,7.08,7.5,7.5,7.83,7.75,7.67,10,10,10,7.58,Americas
Uganda,8,7.5,7.5,7.58,7.33,7.42,10,10,10,7.58,Africa
Uganda,7.75,7.58,7.58,7.5,7.5,7.5,10,10,10,7.5,Africa
Guatemala,7.75,7.5,7.42,7.58,7.67,7.5,10,10,10,7.5,Americas
Guatemala,7.67,7.83,7.42,7.5,7.33,7.5,10,10,10,7.67,Americas
Guatemala,7.58,7.58,7.25,7.58,7.58,7.58,10,10,10,7.75,Americas
Colombia,7.58,7.5,7.75,7.33,7.58,7.58,10,10,10,7.58,Americas
Colombia,7.75,7.5,7.25,7.5,7.75,7.5,10,10,10,7.67,Americas
Guatemala,7.83,7.75,7.25,7.92,7.5,7.17,10,10,10,7.5,Americas
Colombia,7.83,7.67,7.42,7.42,7.5,7.58,10,10,10,7.5,Americas
Mexico,7.58,7.58,7.33,7.25,7.58,7.75,10,10,10,7.83,North America
Vietnam,7.67,7.33,7.17,7.58,8.08,7.42,10,10,10,7.67,Asia
Mexico,8,7.92,7.67,7.17,7.67,7.42,9.33,10,10,7.75,North America
United States (Hawaii),7.5,7.5,7.5,7.42,7.67,7.83,10,10,10,7.5,North America
Colombia,7.5,7.75,7.33,7.75,7.08,7.83,10,10,10,7.67,Americas
Thailand,7.42,7.58,7.5,7.17,7.5,8,10,10,10,7.75,Asia
Kenya,7.75,7.58,7.42,7.58,7.5,7.5,10,10,10,7.5,Africa
Guatemala,7.5,7.58,7.33,7.67,7.58,7.58,10,10,10,7.58,Americas
Brazil,7.67,7.58,7.58,7.5,7.5,7.42,10,10,10,7.58,Americas
El Salvador,7.33,7.67,7.67,7.83,7.33,7.67,10,10,10,7.33,Americas
Rwanda,7.83,7.92,7.75,7.83,7.75,7.75,9.33,9.33,9.33,8,Africa
Vietnam,7.25,7.58,7.5,7.42,7.75,7.42,10,10,10,7.92,Asia
Guatemala,7.58,7.58,7.33,7.67,7.67,7.5,10,10,10,7.5,Americas
Brazil,7.58,7.83,7.33,7.67,7.42,7.33,10,10,10,7.67,Americas
Colombia,7.83,7.67,7.5,7.58,7.5,7.67,10,10,10,7.08,Americas
United States,7.42,7.58,7.25,7.5,7.75,7.75,10,10,10,7.58,North America
Guatemala,7.67,7.67,7.75,7.67,7.42,7.17,10,10,10,7.5,Americas
Colombia,7.5,7.42,7.58,7.5,7.58,7.58,10,10,10,7.67,Americas
Colombia,7.83,7.5,7.5,7.42,7.5,7.5,10,10,10,7.58,Americas
"Tanzania, United Republic Of",7.67,7.5,7.33,7.25,7.58,7.75,10,10,10,7.75,Africa
Mexico,7.58,7.67,7.5,7.58,7.5,7.5,10,10,10,7.5,North America
Mexico,7.67,7.58,7.42,7.75,7.42,7.42,10,10,10,7.58,North America
Guatemala,7.67,7.67,7.33,7.5,7.33,7.92,10,10,10,7.42,Americas
Mexico,7.58,7.58,7.5,7.42,7.67,7.58,10,10,10,7.5,North America
El Salvador,7.75,7.58,7.75,7.75,7.25,7.5,10,10,10,7.25,Americas
Guatemala,7.5,7.58,7.42,7.67,7.58,7.5,10,10,10,7.5,Americas
Guatemala,7.58,7.67,7.5,7.58,7.5,7.42,10,10,10,7.5,Americas
Guatemala,7.5,7.67,7.17,7.67,7.67,7.58,10,10,10,7.5,Americas
Guatemala,7.5,7.5,7.42,7.58,7.67,7.5,10,10,10,7.58,Americas
Guatemala,7.42,7.58,7.42,7.67,7.5,7.5,10,10,10,7.67,Americas
Indonesia,7.5,7.58,7.42,7.58,7.58,7.5,10,10,10,7.58,Asia
Guatemala,7.58,7.58,7.33,7.58,7.33,7.67,10,10,10,7.67,Americas
Taiwan,7.83,7.67,7.33,7.67,7.58,7.67,9.33,10,10,7.67,Asia
El Salvador,7.67,7.67,7.17,7.33,7.58,7.67,10,10,10,7.67,Americas
Costa Rica,7.58,7.5,7.42,7.67,7.42,7.5,10,10,10,7.67,Americas
Honduras,7.58,7.5,7.42,7.58,7.5,7.5,10,10,10,7.67,Americas
Brazil,7.5,7.5,7.58,7.5,7.58,7.58,10,10,10,7.5,Americas
China,7.67,7.5,7.33,7.33,7.67,7.67,10,10,10,7.58,Asia
China,7.5,7.67,7.42,7.67,7.5,7.5,10,10,10,7.5,Asia
Colombia,7.5,7.58,7.58,7.75,7.33,7.5,10,10,10,7.5,Americas
Malawi,7.75,7.58,7.42,7.5,7.33,7.5,10,10,10,7.67,Africa
Guatemala,7.75,7.42,7.25,7.75,7.5,7.67,10,10,10,7.42,Americas
Colombia,7.67,7.42,7.42,7.58,7.33,7.67,10,10,10,7.67,Americas
United States (Hawaii),7.67,7.58,7.42,7.83,7.33,7.5,10,10,10,7.42,North America
United States (Hawaii),7.58,7.83,7.75,7.75,7.42,8,9.33,9.33,10,7.75,North America
Colombia,7.58,7.33,7.17,7.33,7.25,8.58,10,10,10,7.5,Americas
Mexico,7.58,7.58,7.5,7.5,7.5,7.5,10,10,10,7.58,North America
Mexico,7.58,7.58,7.33,7.75,7.25,7.58,10,10,10,7.67,North America
Mexico,8.08,8.17,8,8,7.83,7.92,6.67,10,10,8.08,North America
Colombia,7.5,7.58,7.42,7.67,7.5,7.58,10,10,10,7.5,Americas
Colombia,7.67,7.58,7.58,7.58,7.5,7.42,10,10,10,7.42,Americas
United States (Hawaii),7.25,7.75,7.5,7.83,7.67,7.67,9.33,10,10,7.75,North America
Panama,7.42,7.42,7.5,7.58,7.5,7.75,10,10,10,7.58,Americas
United States (Hawaii),7.75,7.67,7.5,7.83,7.17,7.42,10,10,10,7.42,North America
Brazil,7.5,7.58,7.25,7.75,7.58,7.5,10,10,10,7.5,Americas
Brazil,7.5,7.58,7.5,7.67,7.5,7.42,10,10,10,7.5,Americas
Laos,7.67,7.67,7.42,7.42,7.42,7.5,10,10,10,7.58,Asia
El Salvador,7.67,7.67,7.67,7.67,7.5,7.67,10,10,9.33,7.5,Americas
Mexico,7.5,7.67,7.42,7.75,7.42,7.17,10,10,10,7.75,North America
Colombia,7.75,7.5,7.33,7.58,7.33,7.75,10,10,10,7.42,Americas
Brazil,7.58,7.5,7.42,7.67,7.5,7.5,10,10,10,7.5,Americas
Brazil,7.33,7.5,7.58,7.58,7.67,7.5,10,10,10,7.5,Americas
"Tanzania, United Republic Of",7.5,7.5,7.5,7.5,7.5,7.58,10,10,10,7.58,Africa
"Tanzania, United Republic Of",7.58,7.5,7.5,7.58,7.33,7.58,10,10,10,7.58,Africa
Taiwan,8,7.83,7.83,7.42,7.25,7.25,10,10,10,7.08,Asia
Mexico,7.67,7.58,7.42,7.5,7.42,7.5,10,10,10,7.58,North America
Uganda,7.67,7.5,7.33,7.67,7.5,7.5,10,10,10,7.5,Africa
Taiwan,7.67,7.5,7.5,7.5,7.5,7.5,10,10,10,7.5,Asia
Thailand,7.42,7.5,7.5,7.67,7.58,7.5,10,10,10,7.5,Asia
Colombia,7.75,7.58,7.67,7.25,7.58,7.42,10,10,10,7.42,Americas
El Salvador,7.92,8,7.5,6.75,7.92,7.58,10,10,9.33,7.67,Americas
Guatemala,7.67,7.67,7.17,7.67,7.5,7.5,10,10,10,7.5,Americas
Thailand,7.83,7.33,7.83,7.33,7.58,7.83,10,10,9.33,7.58,Asia
Mexico,7.58,7.58,7.42,7.58,7.42,7.5,10,10,10,7.58,North America
Mexico,7.5,7.58,7.58,7.58,7.42,7.42,10,10,10,7.58,North America
Colombia,7.33,7.58,7.42,7.42,7.67,7.67,10,10,10,7.58,Americas
United States (Hawaii),7.83,7.67,7.5,7.67,7.5,7.58,10,10,9.33,7.58,North America
Mexico,7.75,7.58,7.25,7.75,7.67,7.58,10,10,10,7.08,North America
Colombia,8.08,7.67,7.67,7.33,7.33,7.17,10,10,10,7.42,Americas
Colombia,7.5,7.42,7.33,7.33,7.67,7.83,10,10,10,7.58,Americas
Guatemala,7.5,7.42,7.42,7.75,7.5,7.5,10,10,10,7.5,Americas
Taiwan,7.67,7.42,7.5,7.42,7.58,7.5,10,10,10,7.5,Asia
Brazil,7.5,7.58,7.42,7.5,7.75,7.33,10,10,10,7.5,Americas
Taiwan,7.25,7.25,7,7.08,7,7,10,10,10,10,Asia
Brazil,7.42,7.42,7.5,7.33,7.25,7.67,10,10,10,8,Americas
Indonesia,7.83,7.58,7.42,7.33,7.42,7.5,10,10,10,7.5,Asia
Thailand,7.75,7.33,7.42,7.67,7.42,7.5,10,10,10,7.5,Asia
Thailand,7.42,7.58,7.58,7.42,7.58,7.5,10,10,10,7.5,Asia
"Tanzania, United Republic Of",7.75,7.42,7.33,7.5,7.58,7.5,10,10,10,7.5,Africa
Uganda,7.83,7.5,7.42,7.58,7.42,7.42,10,10,10,7.42,Africa
Costa Rica,7.67,7.42,7.5,7.67,7,7.75,10,10,10,7.58,Americas
Mexico,7.58,7.58,7.42,7.75,7.67,7.67,9.33,10,10,7.58,North America
Guatemala,7.5,7.58,7.42,7.58,7.42,7.58,10,10,10,7.5,Americas
Colombia,7.75,7.25,7.33,7.42,7.5,7.83,10,10,10,7.5,Americas
Colombia,7.75,7.5,7.75,7.25,7.33,7.58,10,10,10,7.42,Americas
Colombia,7.58,7.5,7.42,7.58,7.67,7.42,10,10,10,7.42,Americas
Mexico,7.5,7.58,7.5,7.5,7.42,7.5,10,10,10,7.58,North America
Mexico,7.67,7.58,7.58,7.75,7.67,6.83,10,10,10,7.5,North America
Colombia,7.33,7.42,7.58,7.42,7.67,7.5,10,10,10,7.67,Americas
Brazil,7.58,7.5,7.33,7.75,7.5,7.5,10,10,10,7.42,Americas
Brazil,7.5,7.5,7.5,7.5,7.58,7.5,10,10,10,7.42,Americas
Indonesia,7.83,7.75,7.25,7.5,7.42,7.33,10,10,10,7.42,Asia
Honduras,7.58,7.58,7.33,7.5,7.5,7.5,10,10,10,7.5,Americas
Guatemala,7.5,7.5,7.33,7.5,7.67,7.5,10,10,10,7.5,Americas
Thailand,7.5,7.83,7.5,7.75,7.33,7.42,9.33,10,10,7.83,Asia
Thailand,7.33,7.5,7.5,7.5,7.67,7.5,10,10,10,7.5,Asia
"Tanzania, United Republic Of",7.67,7.42,7.33,7.58,7.5,7.5,10,10,10,7.5,Africa
"Tanzania, United Republic Of",7.75,7,7.42,7.58,7.58,7.58,10,10,10,7.58,Africa
Mexico,7.42,7.58,7.5,7.67,7.25,7.5,10,10,10,7.58,North America
Brazil,7.42,7.5,7.67,7.33,7.42,7.67,10,10,10,7.5,Americas
Guatemala,7.83,7.42,7.33,7.67,7.42,7.5,10,10,10,7.33,Americas
Colombia,7.5,7.5,7.42,7.42,7.58,7.58,10,10,10,7.5,Americas
Guatemala,7.83,7.67,7.17,7.33,7.5,7.67,10,10,10,7.33,Americas
Mexico,7.5,7.58,7.5,7.5,7.42,7.42,10,10,10,7.58,North America
Mexico,7.67,7.5,7.33,7.67,7.5,7.33,10,10,10,7.5,North America
Mexico,7.92,7.5,7.33,7.58,7.25,7.42,10,10,10,7.5,North America
Guatemala,7.67,7.33,7.33,7.33,7.5,7.83,10,10,10,7.5,Americas
Brazil,7.67,7.42,7.33,7.67,7.5,7.5,10,10,10,7.42,Americas
Colombia,7.67,7.5,7.33,7.5,7.25,7.67,10,10,10,7.58,Americas
United States (Hawaii),7.33,7.42,7.33,7.75,7.42,7.67,10,10,10,7.58,North America
Guatemala,7.75,7.58,7.67,7.67,7.58,7.58,9.33,10,10,7.33,Americas
Honduras,7.42,7.67,7.17,7.58,7.58,7.5,10,10,10,7.5,Americas
Guatemala,7.58,7.5,7.33,7.75,7.33,7.5,10,10,10,7.42,Americas
Guatemala,7.67,7.58,7.25,7.67,7.42,7.33,10,10,10,7.5,Americas
Guatemala,7.58,7.5,7.25,7.67,7.5,7.5,10,10,10,7.42,Americas
Guatemala,7.5,7.42,7.08,7.75,7.67,7.5,10,10,10,7.5,Americas
Colombia,5.08,7.75,7.83,7.75,7.83,8.08,10,10,10,8.08,Americas
China,7.67,7.42,7.42,7.5,7.42,7.42,10,10,10,7.58,Asia
Brazil,7.42,7.5,7.33,7.5,7.25,7.42,10,10,10,8,Americas
"Tanzania, United Republic Of",7.67,7.25,7.42,7.42,7.67,7.42,10,10,10,7.58,Africa
Brazil,7.17,7.83,7.33,7.5,7.75,7.42,10,10,10,7.42,Americas
Guatemala,7.5,7.5,7.5,7.67,7.42,7.5,10,10,10,7.33,Americas
Mexico,7.42,7.5,7.42,7.58,7.42,7.5,10,10,10,7.58,North America
Brazil,7.58,7.67,7.33,7.5,7.5,7.42,10,10,10,7.42,Americas
Peru,7.58,7.58,7.58,7.75,7.5,7.58,9.33,10,10,7.5,Americas
Brazil,7.25,7.33,7.25,7.5,7.42,7.5,10,10,10,8.17,Americas
Mexico,7.5,7.58,7.5,7.92,7.42,7.67,9.33,10,10,7.5,North America
Honduras,7.25,7.67,7.42,7.17,7.75,7.5,10,10,10,7.67,Americas
Colombia,7.67,7.42,7.33,7.5,7.58,7.5,10,10,10,7.42,Americas
Mexico,7.5,7.42,7.42,7.67,7.42,7.58,10,10,10,7.42,North America
Mexico,7.42,7.58,7.5,7.42,7.58,7.5,10,10,10,7.42,North America
Mexico,7.42,7.58,7.33,7.58,7.5,7.5,10,10,10,7.5,North America
Mexico,7.75,7.33,7.25,7.58,7.58,7.33,10,10,10,7.58,North America
Mexico,7.5,7.58,7.33,7.5,7.5,7.5,10,10,10,7.5,North America
Mexico,7.58,7.58,7.17,7.5,7.5,7.5,10,10,10,7.58,North America
Mexico,7.58,7.33,7.33,7.58,7.5,7.5,10,10,10,7.58,North America
Mexico,7.67,7.58,7.33,7.42,7.58,7.33,10,10,10,7.5,North America
Mexico,7.83,7.5,7.42,7.67,7.17,7.33,10,10,10,7.5,North America
Colombia,7.67,7.33,7.25,7.42,7.5,7.67,10,10,10,7.58,Americas
Brazil,7.75,7.5,7.42,7.42,7.5,7.42,10,10,10,7.42,Americas
Colombia,7.33,7.58,7.17,7.58,7.42,7.58,10,10,10,7.75,Americas
Colombia,7.58,7.25,7.42,7.25,7.58,7.83,10,10,10,7.5,Americas
Honduras,7.5,7.58,7.33,7.5,7.42,7.42,10,10,10,7.58,Americas
Brazil,7.33,7.5,7.5,7.33,7.5,7.5,10,10,10,7.67,Americas
Brazil,7.42,7.42,7.42,7.5,7.5,7.58,10,10,10,7.5,Americas
Brazil,7.5,7.5,7.42,7.5,7.42,7.5,10,10,10,7.5,Americas
Costa Rica,7.75,7.5,7.25,7.25,7.42,7.67,10,10,10,7.5,Americas
Costa Rica,7.75,7.33,7.5,7.5,7.33,7.58,10,10,10,7.33,Americas
China,7.5,7.58,7.42,7.5,7.42,7.42,10,10,10,7.5,Asia
Brazil,8.25,7.83,7.25,8.33,8.17,8.08,10,6.67,10,7.75,Americas
Brazil,7.42,7.5,7.5,7.42,7.5,7.58,10,10,10,7.42,Americas
Guatemala,7.5,7.42,7.17,7.83,7.5,7.5,10,10,10,7.42,Americas
Malawi,7.33,7.58,7.42,7.58,7.33,7.5,10,10,10,7.58,Africa
Brazil,7.75,8.08,7.67,8.08,8.08,8,10,10,6.67,8,Americas
Guatemala,7.58,7.67,7.5,7.58,7.75,7.5,9.33,10,10,7.42,Americas
Mexico,7.33,7.58,7.42,7.5,7.5,7.5,10,10,10,7.5,North America
Colombia,7.42,7.33,7.5,7.17,7.08,8.33,10,10,10,7.5,Americas
Taiwan,7.5,7.5,7.5,7.5,7.5,7.5,10,10,10,7.33,Asia
Taiwan,7.5,7.5,7.5,7.5,7.5,7.5,10,10,10,7.33,Asia
Guatemala,7.5,7.42,7.58,7.5,7.5,7.58,10,10,10,7.25,Americas
Colombia,7.5,7.42,7.5,7.5,7.5,7.58,10,10,10,7.33,Americas
Mexico,7.67,7.5,7.42,7.5,7.42,7.42,10,10,10,7.42,North America
Costa Rica,7.92,7.58,7.25,7.75,7.92,7.58,9.33,9.33,10,7.67,Americas
Guatemala,7.67,7.5,7.33,7.67,7.5,7.33,10,10,10,7.33,Americas
Mexico,7.58,7.67,7.58,7.33,7,7.58,10,10,10,7.58,North America
Mexico,7.67,7.58,7.5,7.58,7.5,7.5,10,10,10,7,North America
Guatemala,7.5,7.67,7.33,7.5,7.33,7.5,10,10,10,7.5,Americas
Brazil,7.58,7.5,7.42,7.5,7.5,7.42,10,10,10,7.42,Americas
Mexico,8,7.75,7.33,7.33,7.08,7.67,9.33,10,10,7.83,North America
Brazil,7.58,7.58,7.25,7.58,7.42,7.5,10,10,10,7.42,Americas
Colombia,7.83,7.58,7.33,7.25,7.58,7.42,10,10,10,7.33,Americas
Brazil,7.58,7.5,7.25,7.42,7.67,7.33,10,10,10,7.5,Americas
Taiwan,7,7.08,7,7.17,7,7,10,10,10,10,Asia
Guatemala,7.67,7.5,7.25,7.67,7.42,7.42,10,10,10,7.33,Americas
Brazil,7.42,7.67,7.5,7.08,7.5,7.42,10,10,10,7.67,Americas
El Salvador,7.58,7.67,7.5,7.67,7.83,8.42,9.33,9.33,9.33,7.58,Americas
Honduras,7.58,7.5,7.42,7.58,7.42,7.42,10,10,10,7.33,Americas
Malawi,7.58,7.42,7.33,7.42,7.58,7.5,10,10,10,7.42,Africa
Brazil,7.75,7.58,7.42,7.42,7.33,7.33,10,10,10,7.42,Americas
Taiwan,7.5,7.5,7.5,7.5,7.5,7.5,10,10,10,7.25,Asia
Mexico,7.58,7.58,7.42,7.42,7.42,7.42,10,10,10,7.42,North America
United States (Hawaii),7.33,7.42,7.5,7.67,7.5,7.42,10,10,10,7.42,North America
Mexico,7.58,7.58,7.5,7.17,7.42,7.42,10,10,10,7.58,North America
Guatemala,7.5,7.5,7.33,7.58,7.67,7.33,10,10,10,7.33,Americas
Mexico,7.5,7.58,7.42,7.67,7.33,7.42,10,10,10,7.33,North America
Mexico,7.67,7.58,7.33,7.5,7.42,7.42,10,10,10,7.33,North America
El Salvador,7.75,7.33,7.33,7.5,7.5,7.5,10,10,10,7.33,Americas
Mexico,7.33,7.58,7.42,7.67,7.33,7.5,10,10,10,7.42,North America
Mexico,7.42,7.5,7.42,7.58,7.42,7.5,10,10,10,7.42,North America
Colombia,7.5,7.42,7.67,7.33,7.58,7.33,10,10,10,7.42,Americas
Colombia,7.67,7.33,7.33,7.33,7.5,7.5,10,10,10,7.58,Americas
Brazil,7.67,7.58,7.42,7,7.5,7.58,10,10,10,7.5,Americas
Colombia,7.17,7.25,7.58,7.25,7.58,7.67,10,10,10,7.75,Americas
Brazil,7.42,7.42,7.5,7.42,7.42,7.5,10,10,10,7.5,Americas
Honduras,7.5,7.5,7.17,7.42,7.5,7.5,10,10,10,7.58,Americas
Nicaragua,7.5,7.5,7.33,7.42,7.5,7.42,10,10,10,7.5,Americas
"Tanzania, United Republic Of",7.58,7.42,7.42,7.33,7.5,7.42,10,10,10,7.5,Africa
"Tanzania, United Republic Of",7.42,7.42,7.42,7.5,7.5,7.33,10,10,10,7.58,Africa
Brazil,6.92,7.58,7.42,7.33,7.83,7.5,10,10,10,7.58,Americas
Thailand,7.42,7.42,7.17,7.75,7.25,7.67,10,10,10,7.5,Asia
Honduras,7.67,7.5,7.25,7.42,7.58,7.42,10,10,10,7.33,Americas
Guatemala,7.42,7.42,7.5,7.5,7.42,7.5,10,10,10,7.42,Americas
Brazil,7.58,7.5,7.42,7.25,7.5,7.42,10,10,10,7.5,Americas
"Tanzania, United Republic Of",7.75,7.42,7.42,7.58,7.33,7.42,10,10,10,7.25,Africa
Mexico,7.42,7.33,7.17,7.42,7.33,8.17,10,10,10,7.33,North America
Mexico,7.5,7.5,7.33,7.42,7.5,7.42,10,10,10,7.5,North America
Taiwan,7.5,7.5,7.5,7.5,7.5,7.5,10,10,10,7.17,Asia
Taiwan,7.67,7.5,7.5,7.17,7.17,7.58,10,10,10,7.58,Asia
Colombia,7.33,7.25,7.25,7.58,7.75,7.5,10,10,10,7.5,Americas
Mexico,7.5,7.67,7,7.5,7.33,7.5,10,10,10,7.67,North America
Guatemala,7.25,7.75,7,7.75,8.17,7.75,10,10,9.33,7.17,Americas
Mexico,7.5,7.58,7.25,7.5,7.5,7.33,10,10,10,7.5,North America
Mexico,7,7.67,7.5,7.5,7.42,7.5,10,10,10,7.58,North America
Colombia,7.58,7.67,7.42,7.17,7.17,7.75,10,10,10,7.42,Americas
Indonesia,7.5,7.5,7.42,7.42,7.5,7.42,10,10,10,7.33,Asia
Colombia,7.75,7.58,7.42,7.67,7.83,7.58,9.33,9.33,10,7.58,Americas
Brazil,7.42,7.58,7.42,7.5,7.42,7.25,10,10,10,7.5,Americas
Brazil,7.25,7.25,7.58,7.58,7.25,7.92,10,10,10,7.25,Americas
Costa Rica,7.75,7.42,7.42,7.25,7.17,7.42,10,10,10,7.67,Americas
"Tanzania, United Republic Of",7.42,7.33,7.42,7.42,7.5,7.58,10,10,10,7.42,Africa
"Tanzania, United Republic Of",7.42,7.5,7.5,7.33,7.33,7.5,10,10,10,7.5,Africa
Colombia,7.5,7.42,7.42,7.42,7.67,7.42,10,10,10,7.25,Americas
Costa Rica,7.58,7.33,7.33,7.33,7.5,7.67,10,10,10,7.33,Americas
United States (Hawaii),7.25,7.58,7.58,7.25,7.5,7.42,10,10,10,7.5,North America
Mexico,7.42,7.58,7.5,7.33,7.42,7.42,10,10,10,7.42,North America
Mexico,7.5,7.42,7.42,7.5,7.25,7.5,10,10,10,7.5,North America
Mexico,7.67,7.5,7.25,7.58,7.42,7.33,10,10,10,7.33,North America
Vietnam,7.67,8,7.17,7.08,7.67,7.08,10,10,10,7.42,Asia
Mexico,7.58,7.42,7.25,7.75,7.33,7.42,10,10,10,7.33,North America
United States (Hawaii),7.33,7.5,7.33,7.58,7.08,7.83,10,10,10,7.42,North America
Colombia,7.67,7.42,7.67,7.33,7.25,7.58,10,10,10,7.17,Americas
Honduras,7.5,7.5,7.17,7.5,7.5,7.42,10,10,10,7.42,Americas
Honduras,7.5,7.5,7.25,7.33,7.42,7.5,10,10,10,7.5,Americas
Brazil,7.5,7.33,7.42,7.5,7.33,7.42,10,10,10,7.5,Americas
"Tanzania, United Republic Of",7.67,7.33,7.33,7.42,7.42,7.42,10,10,10,7.42,Africa
Laos,7.42,7.5,7.25,7.33,7.5,7.5,10,10,10,7.5,Asia
"Tanzania, United Republic Of",7.42,7.42,7.33,7.58,7.33,7.42,10,10,10,7.5,Africa
Malawi,7.5,7.42,7.33,7.58,7.33,7.5,10,10,10,7.33,Africa
Taiwan,7.33,7.5,7.17,7.42,7.5,7.33,10,10,10,7.75,Asia
Thailand,7.58,7.5,7.42,7.42,7.33,7.42,10,10,10,7.33,Asia
Costa Rica,7.5,7.25,7.33,7.33,7.75,7.5,10,10,10,7.33,Americas
Honduras,7.33,7.33,7.33,7.5,7.5,7.83,10,10,10,7.17,Americas
Colombia,7.33,7.33,7.58,7.5,7.5,7.58,10,10,10,7.17,Americas
Taiwan,7.42,7.58,7.33,7.42,8,7.5,9.33,10,10,7.42,Asia
Brazil,7.33,7.67,7.42,7.17,7.33,7.42,10,10,10,7.67,Americas
Mexico,7.67,7.33,7.25,7.5,7.42,7.42,10,10,10,7.42,North America
Brazil,7.42,7.5,7.33,7.5,7.33,7.5,10,10,10,7.42,Americas
Brazil,7.42,7.5,7.25,7.5,7.5,7.42,10,10,10,7.42,Americas
Guatemala,7.33,7.33,7.33,7.5,7.67,7.67,10,10,10,7.17,Americas
Brazil,7.58,7.5,7.17,7.5,7.5,7.42,10,10,10,7.33,Americas
Guatemala,7.75,7.33,7.33,7.42,7.75,7.67,10,10,9.33,7.42,Americas
Colombia,7.33,7,7.08,7.42,7.5,7.67,10,10,10,8,Americas
Guatemala,7.58,7.5,7.25,7.58,7.58,7.5,9.33,10,10,7.58,Americas
Guatemala,7.5,7.5,7.25,7.42,7.42,7.42,10,10,10,7.42,Americas
Honduras,7.58,7.5,7.25,7.33,7.42,7.5,10,10,10,7.33,Americas
Brazil,7.42,7.33,7.33,7.5,7.5,7.33,10,10,10,7.5,Americas
El Salvador,7.67,7.58,7.33,7.5,7.5,7.67,10,10,9.33,7.33,Americas
Guatemala,7.58,7.58,7.17,7.83,7.17,7.33,10,10,10,7.25,Americas
"Tanzania, United Republic Of",7.33,7.33,7.33,7.42,7.5,7.58,10,10,10,7.42,Africa
Nicaragua,7.58,7.42,7.25,7.17,7.5,7.67,10,10,10,7.33,Americas
Zambia,7.67,7.08,7.42,7.33,7.75,7.42,10,10,10,7.25,Africa
Honduras,7.42,7.33,7.33,7.58,7.33,7.5,10,10,10,7.42,Americas
Taiwan,7.5,7.5,7.42,7.25,7.5,7.5,10,10,10,7.25,Asia
Mexico,7.58,7.5,7.25,7.58,7.5,7.25,10,10,10,7.25,North America
Mexico,7.5,7.5,7.25,7.25,7.5,7.5,10,10,10,7.42,North America
Mexico,7.5,7.42,7.25,7.5,7.33,7.33,10,10,10,7.58,North America
Mexico,7.33,7.58,7.17,7.58,7.42,7.33,10,10,10,7.5,North America
Mexico,7.67,7.42,7.33,7.83,7.5,7.5,9.33,10,10,7.33,North America
Brazil,7.42,7.58,7.25,7.5,7.33,7.5,10,10,10,7.33,Americas
Colombia,7.67,7.33,7.33,7.58,7.33,7.33,10,10,10,7.33,Americas
Guatemala,7.42,7.5,7.25,7.5,7.33,7.42,10,10,10,7.42,Americas
Costa Rica,7.25,7.33,7.5,7.33,7.67,7.42,10,10,10,7.33,Americas
Brazil,7.42,7.5,7.42,7.5,7.42,7.25,10,10,10,7.33,Americas
Indonesia,7.75,7.83,7.58,7.75,7.92,7.83,10,10,10,5.17,Asia
Guatemala,7.58,7.5,7.33,7.42,7.58,7.25,10,10,10,7.17,Americas
Brazil,7.17,7.58,6.83,7.5,7.75,7.25,10,10,10,7.75,Americas
Brazil,7.58,7,6.92,6.92,7.67,7.5,10,10,10,8.25,Americas
Myanmar,7.33,7.58,7.5,7.42,7.33,7.33,10,10,10,7.33,Asia
Mexico,7.58,7.5,7.33,7.5,7.17,7.33,10,10,10,7.42,North America
Honduras,7.5,7.5,7.33,7.5,7.42,7.25,10,10,10,7.33,Americas
Costa Rica,7.67,7.5,7.5,7.25,7.08,7.42,10,10,10,7.42,Americas
Taiwan,7.67,7.33,7.17,7.25,7.75,7.33,10,10,10,7.33,Asia
Indonesia,7.42,7.42,7.42,7.33,7.42,7.42,10,10,10,7.42,Asia
Malawi,7.58,7.42,7.33,7.33,7.33,7.42,10,10,10,7.42,Africa
Brazil,7.33,7.58,7.25,7.17,7.83,7.33,10,10,10,7.33,Americas
Honduras,7.5,7.5,7.33,7.33,7.33,7.33,10,10,10,7.5,Americas
Mexico,7.42,7.42,7.25,7.5,7.33,7.42,10,10,10,7.5,North America
Colombia,7.5,7.5,7,7.42,7.5,7.58,10,10,10,7.33,Americas
United States (Hawaii),7.83,7.83,7.83,8,7.83,7.83,10,6.67,10,8,North America
Brazil,7.75,7.75,7.5,7.42,7.83,7.75,9.33,9.33,9.33,7.83,Americas
Guatemala,7.83,7.67,7.33,7.33,7.67,7.83,9.33,10,9.33,7.5,Americas
Mexico,7.83,7.33,7.25,7.58,7.25,7.33,10,10,10,7.25,North America
Mexico,7.33,7.33,7.25,7.5,7.5,7.5,10,10,10,7.42,North America
Brazil,7.33,7.67,7.25,7.5,7.5,7.25,10,10,10,7.33,Americas
Colombia,7.58,7.5,7.17,7.58,7.33,7.33,10,10,10,7.33,Americas
United States (Hawaii),7.25,7.58,7.83,7.67,7.75,7.75,9.33,9.33,10,7.33,North America
Guatemala,7.5,7.5,7.25,7.42,7.42,7.33,10,10,10,7.33,Americas
Vietnam,7,7.08,7.33,7.5,7.5,7.33,10,10,10,8,Asia
"Tanzania, United Republic Of",7.42,7.42,7.42,7.42,7.33,7.33,10,10,10,7.42,Africa
Brazil,7.17,7.25,7.17,7.25,7.42,8.25,10,10,10,7.25,Americas
Mexico,7.5,7.5,7.33,7.42,7.25,7.25,10,10,10,7.5,North America
Mexico,7.42,7.5,7.17,7.67,7.33,7.42,10,10,10,7.25,North America
Mexico,7.42,7.5,7.33,7.58,7.33,7.33,10,10,10,7.25,North America
Mexico,7.33,7.42,7.33,7.67,7.42,7.25,10,10,10,7.33,North America
Mexico,7.5,7.42,7.25,7.33,7.67,7.25,10,10,10,7.33,North America
Colombia,7.33,7.42,7.33,7.33,7.5,7.67,10,10,10,7.17,Americas
Colombia,7.42,7.58,6.92,7.08,7.25,8,10,10,10,7.5,Americas
Brazil,7.42,7.5,7.25,7.5,7.5,7.25,10,10,10,7.25,Americas
Guatemala,7.42,7.42,7.08,7.42,7.33,7.42,10,10,10,7.58,Americas
Guatemala,7.42,7.33,7.17,7.67,7.33,7.42,10,10,10,7.33,Americas
Honduras,7.58,7.5,7.33,7.33,7.42,7.25,10,10,10,7.25,Americas
"Tanzania, United Republic Of",7.17,7.33,7.33,7.42,7.5,7.33,10,10,10,7.58,Africa
Nicaragua,7.58,7.5,7.25,7.25,7.5,7.25,10,10,10,7.33,Americas
Colombia,7.75,7.75,7.75,7.67,5.25,7.83,10,10,10,7.67,Americas
Brazil,7.25,7.75,6.92,7.42,7.5,7.58,10,10,10,7.25,Americas
"Tanzania, United Republic Of",7.42,7.33,7.25,7.42,7.5,7.42,10,10,10,7.33,Africa
"Tanzania, United Republic Of",7.33,7.33,7.5,7.25,7.42,7.33,10,10,10,7.5,Africa
Brazil,7.25,7.42,7.25,7.5,7.5,7.42,10,10,10,7.33,Americas
Indonesia,7.17,7.42,7.33,7.42,7.33,7.42,10,10,10,7.58,Asia
Honduras,7.5,7.33,7.5,7.5,7.17,7.17,10,10,10,7.5,Americas
Costa Rica,7.5,7.17,7.17,7.17,7.5,7.08,10,10,10,8.08,Americas
Mexico,7.42,7.42,7.67,8,7.58,7.5,9.33,9.33,10,7.42,North America
Taiwan,7.5,7.5,7.5,7.25,7.42,7.25,10,10,10,7.25,Asia
Taiwan,7.58,7.42,7.33,7.42,7.33,7.33,10,10,10,7.25,Asia
Mexico,7.5,7.42,7.08,7.58,7.33,7.33,10,10,10,7.42,North America
Guatemala,7.5,7.67,7.33,7.33,7.33,7.33,10,10,10,7.17,Americas
Mexico,7.25,7.67,7.58,7.67,7.67,7.58,8.67,10,10,7.58,North America
Mexico,7.67,7.25,7.17,7.75,7.5,7.25,10,10,10,7.08,North America
Mexico,7.5,7.42,7.33,7.42,7.42,7.42,10,10,10,7.17,North America
Mexico,7.58,7.42,7.25,7.58,7.25,7.17,10,10,10,7.42,North America
Mexico,7.75,7.58,7.25,7.17,7.58,7.33,9.33,10,10,7.67,North America
United States (Hawaii),7.42,7.33,7.33,7.33,7.17,7.83,10,10,10,7.25,North America
Honduras,7.5,7.42,7.08,7.42,7.5,7.33,10,10,10,7.33,Americas
Guatemala,7.42,7.42,7.08,7.5,7.42,7.33,10,10,10,7.42,Americas
Taiwan,7.42,7.42,7.25,7.67,7.33,7.25,10,10,10,7.25,Asia
Costa Rica,7.58,7.42,7.5,7.17,7.08,7.58,10,10,10,7.25,Americas
"Tanzania, United Republic Of",7.42,7.42,7.33,7.42,7.42,7.33,10,10,10,7.25,Africa
Malawi,7.42,7.42,7.17,7.58,7.33,7.33,10,10,10,7.33,Africa
Taiwan,7.33,7.17,7.08,7.08,8.33,8.25,10,10,9.33,7,Asia
Brazil,7.42,7.42,7.33,7.33,7.5,7.25,10,10,10,7.33,Americas
Guatemala,7.42,7.33,7.17,7.58,7.42,7.5,10,10,10,7.17,Americas
Mexico,7.67,7.5,7.42,7.5,6.75,7.42,10,10,10,7.33,North America
Mexico,7.33,7.5,7.25,7.5,7.5,7.17,10,10,10,7.33,North America
Mexico,7.67,7.58,7.42,7.58,7.58,7.42,10,10,8.67,7.67,North America
Thailand,7.08,7.33,7.58,7.58,7.17,7.5,10,10,10,7.33,Asia
Thailand,7.33,7.33,7.17,7.5,7.58,7.33,10,10,10,7.33,Asia
Costa Rica,7.25,7.17,7.33,7.33,7.5,7.75,10,10,10,7.25,Americas
Guatemala,7.67,7.58,7.17,7.42,7.33,7.42,9.33,10,10,7.58,Americas
Nicaragua,7.5,7.42,7.33,7.33,7.25,7.33,10,10,10,7.33,Americas
Honduras,7.5,7.5,7.33,7.42,7.17,7.25,10,10,10,7.33,Americas
Guatemala,7.5,7.42,7.25,7.25,7.5,7.25,10,10,10,7.33,Americas
Taiwan,7.5,7.42,7.33,7.08,7.58,7.25,10,10,10,7.33,Asia
Myanmar,7.25,7.42,7.25,7.5,7.33,7.33,10,10,10,7.42,Asia
Costa Rica,7.83,7.33,7.08,7.08,7.33,7.5,10,10,10,7.33,Americas
Malawi,7.67,7.42,6.92,7.5,7.5,7.17,10,10,10,7.33,Africa
Guatemala,7.5,7.42,7.17,7.58,7.25,7.42,10,10,10,7.17,Americas
Taiwan,7.42,7.33,7.67,7.33,7.42,7.5,10,10,9.33,7.5,Asia
Brazil,7.58,7.5,7.5,7.67,7.67,7.83,9.33,9.33,9.33,7.75,Americas
Haiti,7.42,7.33,7.25,7.42,7.42,7.33,10,10,10,7.33,Americas
Taiwan,7.5,7.42,7.25,7.25,7.33,7.33,10,10,10,7.42,Asia
Mexico,7.33,7.33,7.17,7.42,7.5,7.5,10,10,10,7.25,North America
Mexico,7.58,7.42,7.25,7.42,7.33,7.33,10,10,10,7.17,North America
Mexico,7.42,7.25,7.17,7.42,7.17,8,10,10,10,7.08,North America
Mexico,7.33,7.5,7.33,7.33,7.33,7.42,10,10,10,7.25,North America
Mexico,7.42,7.42,7.33,7.17,7.25,7.42,10,10,10,7.5,North America
Mexico,7.5,7.5,7.25,7.5,7.42,7.58,9.33,10,10,7.42,North America
Indonesia,7.75,7.17,7.17,7.33,7.58,7.33,10,10,10,7.17,Asia
Brazil,7.5,7.42,7.17,7.42,7.5,7.33,10,10,10,7.17,Americas
Guatemala,7.33,7.5,7.33,7.42,7.17,7.33,10,10,10,7.42,Americas
Colombia,7.42,7.42,7.17,7.42,7.42,7.33,10,10,10,7.33,Americas
United States (Hawaii),7.33,7.33,7.33,7.5,7.5,7.83,9.33,10,10,7.33,North America
Mexico,7.58,7.33,7.08,7.33,7.5,7.33,10,10,10,7.25,North America
Guatemala,7.42,7.33,7.08,7.58,7.33,7.25,10,10,10,7.42,Americas
Brazil,7.33,7.5,7.5,7.33,6.83,7.42,10,10,10,7.5,Americas
Honduras,7.5,7.33,7.17,7.25,7.5,7.42,10,10,10,7.25,Americas
Taiwan,7.83,7.75,7.42,7.17,7.08,7.08,10,10,10,7.08,Asia
Malawi,7.58,7.17,7.33,7.42,7.08,7.42,10,10,10,7.42,Africa
Brazil,7.25,7.5,7.42,7.17,7.33,7.33,10,10,10,7.42,Americas
Guatemala,7.42,7.5,7.17,7.42,7.42,7.42,10,10,10,7.08,Americas
Mexico,7.67,7.33,7.25,7.17,7.25,7.42,10,10,10,7.33,North America
Peru,7.42,7.42,7.17,7.33,7.42,7.42,10,10,10,7.25,Americas
Guatemala,7.42,7.33,7.25,7.42,7.42,7.5,10,10,10,7.08,Americas
Mexico,7.42,7.33,7.25,7.17,7.25,7.42,10,10,10,7.58,North America
Mexico,7.42,7.42,7.25,7.25,7.5,7.33,10,10,10,7.25,North America
Colombia,7.5,7.42,7.25,7.17,7.17,7.75,10,10,10,7.17,Americas
Colombia,7.75,7.33,7.42,7,7.33,7.25,10,10,10,7.33,Americas
United States (Hawaii),7.83,7,7,7.58,7.58,7.5,10,10,10,6.92,North America
Colombia,7.5,7.33,7.33,7.17,7.33,7.42,10,10,10,7.25,Americas
Honduras,7.5,7.5,7,7.17,7.5,7.33,10,10,10,7.33,Americas
Mexico,7.67,7.42,7,7.42,7.58,7.08,10,10,10,7.17,North America
Brazil,7.25,7.33,7.33,7.33,7.33,7.42,10,10,10,7.33,Americas
Honduras,7.58,7.42,7.17,7.42,7.17,7.17,10,10,10,7.42,Americas
Brazil,7.17,7.33,7.42,7.25,7.42,7.33,10,10,10,7.42,Americas
Philippines,7.08,7.33,7.42,7.33,7.33,7.5,10,10,10,7.33,Asia
Malawi,7.75,7.33,7.08,7.33,7.33,7.25,10,10,10,7.25,Africa
Honduras,7.33,7.33,7.17,7.33,7.5,7.33,10,10,10,7.33,Americas
Mexico,7.58,7.42,7.25,7.33,7.25,7.25,10,10,10,7.25,North America
Mexico,7.33,7.25,7.17,7.42,7.58,7.33,10,10,10,7.25,North America
Brazil,7.5,7.58,7.5,7.5,7.75,7.83,9.33,9.33,9.33,7.58,Americas
Taiwan,7.83,7.75,7.67,7.83,7.83,7.75,9.33,10,10,5.25,Asia
Brazil,7.17,7.42,7.17,7.08,6.92,8.17,10,10,10,7.33,Americas
Nicaragua,7.08,7.5,7.33,7.17,7.42,7.25,10,10,10,7.5,Americas
Honduras,7.42,7.17,7.17,7.5,7.33,7.25,10,10,10,7.42,Americas
Guatemala,7.33,7.42,7.17,7.25,7.42,7.33,10,10,10,7.33,Americas
"Tanzania, United Republic Of",7.33,7.17,7.17,7.5,7.25,7.42,10,10,10,7.42,Africa
Taiwan,7.5,7.5,7.25,7.25,7.25,7.25,10,10,10,7.25,Asia
Guatemala,7.5,7.33,7.5,7.58,7,7.25,10,10,10,7.08,Americas
Mexico,7.42,7.42,7.33,7.33,7.5,7.42,9.33,10,10,7.5,North America
Nicaragua,7.33,7.5,7.17,7.17,7.58,7.17,10,10,10,7.25,Americas
"Tanzania, United Republic Of",7.67,7.17,7.17,7.33,7.5,7.17,10,10,10,7.17,Africa
Mexico,7.75,7.58,7.08,7.25,7.08,7.25,10,10,10,7.17,North America
Costa Rica,7.5,7.5,7.33,7.17,7.08,7.17,10,10,10,7.42,Americas
Honduras,7.42,7.33,7,7.42,7.33,7.33,10,10,10,7.33,Americas
Thailand,6.83,7.42,7.42,7.17,7.5,7.42,10,10,10,7.42,Asia
Philippines,7.25,7.25,7.25,7.08,7.58,7.5,10,10,10,7.25,Asia
"Tanzania, United Republic Of",7.58,7.17,7.17,7.33,7.33,7.25,10,10,10,7.33,Africa
Malawi,7.58,7.25,7.33,7.08,7.33,7.33,10,10,10,7.25,Africa
Costa Rica,7.33,7.08,7.33,7.25,7.33,7.58,10,10,10,7.25,Americas
Brazil,7.42,7.42,7.17,7.42,7.33,7.25,10,10,10,7.17,Americas
Mexico,7.42,7.25,7.08,7.75,7.42,7.17,10,10,10,7.08,North America
Guatemala,7.42,7.25,7.33,7.25,7.25,7.42,10,10,10,7.25,Americas
Brazil,7.42,7.33,7.25,7.42,7.5,7.17,10,10,10,7.08,Americas
United States (Hawaii),7.25,7.75,7.67,7.67,7.42,7.67,8.67,9.33,10,7.75,North America
Ethiopia,7.42,7.33,7.17,7.33,7.42,7.17,10,10,10,7.25,Africa
Brazil,7.58,7.42,7.5,7.25,7.75,7.58,9.33,10,9.33,7.33,Americas
Nicaragua,7.33,7.33,7.33,7.42,7.33,7.33,10,10,10,7,Americas
United States,7.42,7.17,7.33,7.42,7.25,7.33,10,10,10,7.17,North America
"Tanzania, United Republic Of",7.42,7.33,7.33,7.25,7.25,7.33,10,10,10,7.17,Africa
Costa Rica,7.42,7.25,7.17,7.25,7.25,7.58,10,10,10,7.17,Americas
United States (Puerto Rico),7.67,7.75,7.67,7.58,7.58,7.67,6.67,10,10,8.5,North America
Mexico,7.25,7.42,7.33,7.33,7.17,7.33,10,10,10,7.25,North America
Mexico,7.33,7.25,7.33,7.42,7.25,7.42,10,10,10,7.08,North America
Mexico,7.33,7.33,7.25,7.42,7.25,7.25,10,10,10,7.25,North America
Mexico,7.42,7.33,7.25,7.42,7.17,7.25,10,10,10,7.25,North America
United States (Hawaii),7.42,7.42,7.25,7.58,6.92,7.17,10,10,10,7.33,North America
Brazil,7.25,7.25,7.17,7.5,7.33,7.17,10,10,10,7.33,Americas
El Salvador,7.42,7.08,7.08,7.33,7.25,7.58,10,10,10,7.25,Americas
Brazil,7.33,7.17,7.17,7.67,7.33,7.17,10,10,10,7.17,Americas
Guatemala,7.42,7.25,7.17,7.5,7.25,7.17,10,10,10,7.25,Americas
Colombia,7.67,7.5,7.42,5.25,7.67,7.75,10,10,10,7.75,Americas
Guatemala,7.5,7.25,7,7.25,7.5,7.25,10,10,10,7.25,Americas
Taiwan,7.25,7.17,7.17,7.25,7.5,7.33,10,10,10,7.33,Asia
Honduras,7.42,7.25,7.25,7.33,7.25,7.17,10,10,10,7.33,Americas
Brazil,7.67,7.75,7.83,7.75,7.83,7.75,10,6.67,10,7.75,Americas
"Tanzania, United Republic Of",7.33,7.33,7.08,7.42,7.17,7.33,10,10,10,7.33,Africa
Uganda,7.33,6.92,7.17,7.33,7.42,7.42,10,10,10,7.42,Africa
Taiwan,7.5,6.92,7.33,7.33,7.33,7.33,10,10,10,7.25,Asia
Thailand,7.33,7.42,7.25,7.42,7.25,7.17,10,10,10,7.17,Asia
Mexico,7.08,7.33,7.33,7.33,7.42,7.25,10,10,10,7.25,North America
Mexico,7.58,7.67,7.5,7.67,7.58,7.5,8,10,10,7.5,North America
Taiwan,7.33,7.17,7.25,7.33,7.33,7.25,10,10,10,7.25,Asia
Guatemala,7.67,7.67,7.33,7.58,7.67,7.5,9.33,9.33,9.33,7.5,Americas
Kenya,7.17,7.58,7.5,7.5,8,7.75,10,10,10,5.42,Africa
Mexico,7.5,7.33,7.17,7.42,7.5,7.33,9.33,10,10,7.33,North America
Myanmar,7.17,7.42,7,7.58,7.33,7,10,10,10,7.42,Asia
United States (Hawaii),7.42,7.08,7.17,7.17,7.58,7.25,10,10,10,7.25,North America
"Tanzania, United Republic Of",7.33,7.17,7.17,7.25,7.42,7.33,10,10,10,7.25,Africa
Brazil,7.25,7.33,7.25,7.25,7.25,7.33,10,10,10,7.25,Americas
Taiwan,7.92,7.67,7.33,7.08,7.08,7.08,10,10,10,6.75,Asia
Brazil,7.17,7.42,7.17,7.25,7.25,7.33,10,10,10,7.33,Americas
Nicaragua,7.33,7.08,7.25,7,7.5,7.42,10,10,10,7.33,Americas
Guatemala,7.58,7.42,6.92,7.5,7.25,7.17,10,10,10,7.08,Americas
Taiwan,7.42,7.25,7.25,7.25,7.25,7.25,10,10,10,7.25,Asia
Taiwan,7.25,7.17,7.08,7.08,7.08,8.08,10,10,10,7.17,Asia
Taiwan,7.42,7.25,7.25,7.25,7.25,7.25,10,10,10,7.25,Asia
Mexico,7.58,7.33,7.08,7.5,7.17,7.25,10,10,10,7,North America
Thailand,7.67,7.58,7.33,7.33,7.17,7,10,10,10,6.83,Asia
Laos,7.42,7.33,7.17,7.17,7.17,7.25,10,10,10,7.33,Asia
Guatemala,7.67,7.25,7.08,7.33,7.17,7.25,10,10,10,7.08,Americas
Mexico,7.17,7.08,7.25,7.42,7.25,7.33,10,10,10,7.33,North America
Mexico,7.33,7.25,7.33,7.33,7.25,7.17,10,10,10,7.17,North America
Mexico,7.5,7.17,7.33,7.25,7.17,7.17,10,10,10,7.25,North America
United States (Hawaii),7.42,7.33,7,7.25,7.33,7.5,10,10,10,7,North America
Colombia,7.33,7.33,7,6.83,7.33,7.67,10,10,10,7.33,Americas
Brazil,7.17,7.25,7.08,7.17,7.25,7.58,10,10,10,7.25,Americas
Myanmar,6.92,7.5,7,7.58,7.5,7.08,10,10,10,7.17,Asia
Guatemala,7.5,7.33,7,7.42,7.17,7.17,10,10,10,7.17,Americas
Nicaragua,7.25,7.25,7.17,7.25,7.33,7.25,10,10,10,7.25,Americas
Honduras,7.5,7.33,7,7.42,7.25,7.17,10,10,10,7.08,Americas
Panama,7.25,7.33,7.17,7.33,7.33,7.17,10,10,10,7.17,Americas
Honduras,7.42,7.17,7.08,7.42,7.25,7.25,10,10,10,7.17,Americas
Honduras,7.25,7.33,7.08,7.5,7.25,7.33,10,10,10,7,Americas
Costa Rica,7.33,7.33,7.25,7.25,7.17,7.17,10,10,10,7.25,Americas
Mexico,7.58,7.33,7.42,7.25,7.5,7.5,9.33,9.33,10,7.5,North America
Haiti,7.42,7,7.42,7.25,7.08,7.33,10,10,10,7.25,Americas
United States (Hawaii),7.08,7.33,7.17,7.25,7.33,7.67,10,10,10,6.92,North America
Taiwan,7.33,7.08,7.08,7.08,7.42,7.33,10,10,10,7.33,Asia
Indonesia,7.58,7.42,7,7.67,7.5,7.5,9.33,9.33,10,7.33,Asia
Guatemala,7.67,7.42,6.83,7.17,7.42,7.17,10,10,10,7,Americas
Costa Rica,7.83,7.5,7.67,7.67,7.83,7.5,6.67,10,10,8,Americas
Malawi,7.5,7.25,7.17,7.17,7.25,7.17,10,10,10,7.17,Africa
Mexico,7.25,7.17,7.17,7.25,7.17,7.42,10,10,10,7.25,North America
Colombia,7.67,7.5,7.42,7.67,7.5,7.75,10,10,6.67,8.5,Americas
Guatemala,7.67,7.17,7,7.5,7,7,10,10,10,7.33,Americas
Guatemala,7,7.33,7.5,7.33,7,7.33,10,10,10,7.17,Americas
Guatemala,7,7.5,7.33,7.17,7.17,7.17,10,10,10,7.33,Americas
Colombia,7.17,7.25,7.08,7.42,7.08,7.42,10,10,10,7.25,Americas
Brazil,7.33,7.25,7.33,7.08,7.58,7.25,9.33,10,10,7.42,Americas
Nicaragua,7.08,7.5,7,7.25,7.42,7,10,10,10,7.33,Americas
"Tanzania, United Republic Of",7.25,7.08,7.08,7.33,7.33,7.25,10,10,10,7.25,Africa
Brazil,7.42,7.25,7.33,7,7.08,7.25,10,10,10,7.25,Americas
Honduras,7.5,7.17,7,7.42,7.33,7,10,10,10,7.17,Americas
Guatemala,7.17,7.42,6.83,7.5,7.17,7.25,10,10,10,7.25,Americas
United States (Hawaii),7.42,7.58,7.5,7.92,7.83,7.83,8.67,8.67,9.33,7.83,North America
Colombia,7.08,7.25,7,7.5,7.08,7.33,10,10,10,7.33,Americas
Taiwan,7.17,7.17,7.17,7.42,7.17,7.25,10,10,10,7.17,Asia
Guatemala,7.33,7.25,7.08,7.17,7.25,7.17,10,10,10,7.25,Americas
Honduras,7.58,7.33,7,7.17,7.33,7.08,10,10,10,7,Americas
Mauritius,7.25,7.25,7.17,7.17,7.25,7.17,10,10,10,7.25,Africa
Brazil,7.25,7.33,7.17,7.5,7.33,7.25,9.33,10,10,7.33,Americas
Myanmar,7.17,7.33,7.17,7.42,7.25,7.08,10,10,10,7.08,Asia
Guatemala,7.5,7.17,6.83,7.5,7.17,7.17,10,10,10,7.17,Americas
Brazil,7.42,7.42,7.08,7.33,7.67,7.5,9.33,9.33,10,7.42,Americas
United States (Hawaii),7.42,7.33,7.33,7.58,7.58,7.42,8.67,10,10,7.17,North America
Guatemala,7.5,7.5,7,7.67,7.17,7,10,10,10,6.67,Americas
Mexico,7.25,7.25,7.08,7.33,7.25,7.17,10,10,10,7.17,North America
Honduras,7.25,7.42,7,7.42,7.33,7,10,10,10,7,Americas
Taiwan,7.58,7.17,7.17,7.17,7.17,7.17,10,10,10,7,Asia
El Salvador,7.33,7.17,7.08,7.08,7.33,7.17,10,10,10,7.25,Americas
China,7.25,7.08,7.25,7.17,7.33,7.17,10,10,10,7.17,Asia
Taiwan,7.25,7.25,7.17,7.25,7.25,7.25,10,10,10,7,Asia
Mexico,6.92,7.17,7.08,7.5,7.33,7.17,10,10,10,7.25,North America
Mexico,7.42,7.08,7.08,7.33,7.25,7.17,10,10,10,7.08,North America
Burundi,7.08,7.25,7.17,7.33,7.08,7.08,10,10,10,7.33,Africa
"Tanzania, United Republic Of",7.25,7.17,7,7.25,7.42,7.08,10,10,10,7.17,Africa
"Tanzania, United Republic Of",7.25,7.17,7.25,7.25,7.25,7.08,10,10,10,7.08,Africa
Taiwan,7.25,7.25,7.08,7.25,7.25,7.25,10,10,10,7,Asia
Guatemala,7.33,7.33,6.83,7.5,7,7.17,10,10,10,7.17,Americas
Mexico,7.25,7.08,7.08,7.33,7.33,7.17,10,10,10,7.08,North America
United States (Hawaii),7.17,7.5,6.92,7.33,7.67,7.33,9.33,10,10,7.08,North America
Ethiopia,7.25,7.25,7.25,7.33,7.5,8,9.33,9.33,10,7.08,Africa
Brazil,7.17,7.33,7.42,7.08,7,7,10,10,10,7.25,Americas
Honduras,7.25,7.25,7,7,7.42,7,10,10,10,7.33,Americas
Mexico,7.25,7.17,7,7.33,7.33,7,10,10,10,7.17,North America
Myanmar,8,7.08,7,7.33,7.08,6.92,10,10,10,6.83,Asia
Myanmar,7.42,7,7.08,7,7.17,7.33,10,10,10,7.25,Asia
Nicaragua,7.08,6.92,7,7.25,7.5,7.25,10,10,10,7.25,Americas
United States (Hawaii),7.5,7.08,7.67,7.67,7.42,7.58,9.33,9.33,9.33,7.33,North America
Colombia,7.42,8,7.83,7.75,8.08,7.58,8.67,8.67,8.67,7.58,Americas
Taiwan,7.25,7.08,7.25,7.25,7.17,7.25,10,10,10,7,Asia
Guatemala,7,7.17,7.33,7.33,7,7.17,10,10,10,7.25,Americas
Mexico,7.58,7.33,7.17,7.25,6.75,7,10,10,10,7.17,North America
Vietnam,7.42,7.25,7.25,7.58,7.42,7.33,8.67,10,10,7.25,Asia
Nicaragua,7.17,7.08,7.08,7.33,7.25,7.08,10,10,10,7.17,Americas
Honduras,7.25,7.25,7,7.17,7.08,7.08,10,10,10,7.33,Americas
Guatemala,7.33,7.33,7,7.17,7.17,7.17,10,10,10,7,Americas
Mexico,7.33,7.08,6.92,7.42,7.25,7.08,10,10,10,7.08,North America
Mexico,7.58,7.42,7.33,7.5,7.08,7.17,8.67,10,10,7.42,North America
Mexico,7.33,7.33,7.17,7.08,7.25,7,10,10,10,7,North America
Guatemala,7.33,7.33,7,7.33,7,7,10,10,10,7.17,Americas
United States (Hawaii),7.58,7.5,7.33,7.33,7.67,7.33,9.33,9.33,9.33,7.42,North America
Brazil,7.17,7.17,7,7.17,7.25,7.25,10,10,10,7.08,Americas
Taiwan,7.42,7.25,7.25,7.17,7,7,10,10,10,7,Asia
Nicaragua,7.25,7.17,6.92,7.25,7.17,7.25,10,10,10,7.08,Americas
Taiwan,7.25,7.25,7.25,7.25,7.08,7,10,10,10,7,Asia
Taiwan,7.25,7.25,7.25,7,7.25,7.08,10,10,10,7,Asia
Taiwan,7.25,7.25,7.25,7.08,7.17,7.08,10,10,10,7,Asia
Mexico,7.33,7.17,7.25,7.08,7.08,7.08,10,10,10,7.08,North America
Mexico,7.25,7.08,7,7.17,7.33,7.17,10,10,10,7.08,North America
Nicaragua,7.33,7.08,6.92,7.08,7.42,7.17,10,10,10,7,Americas
Myanmar,7.17,7.33,7,7.42,7.17,7,10,10,10,6.92,Asia
Mexico,7.58,7.75,7.42,7.5,7.5,7.5,8.67,8.67,10,7.42,North America
Taiwan,7.25,7.25,7.25,7,7.25,7,10,10,10,7,Asia
Thailand,7.33,6.67,7.08,7.42,7.42,7.08,10,10,10,7,Asia
Mexico,7.25,7.25,7.08,7.17,7.33,7.33,9.33,10,10,7.25,North America
Mexico,7.08,7.33,7,7.33,7.08,7,10,10,10,7.17,North America
Ethiopia,7.42,7.42,7.5,7.92,7.75,7.58,8.67,9.33,8.67,7.75,Africa
Colombia,7.83,7.67,7.58,7.75,7.83,7.17,6.67,10,10,7.42,Americas
United States (Hawaii),7.5,7,7,6.92,7.33,7.17,10,10,10,7,North America
Mexico,7.33,7.08,7.08,7.33,7.42,7.17,9.33,10,10,7.17,North America
Mexico,7.17,7.17,6.92,7.25,7.33,7.08,10,10,10,7,North America
Mexico,7.5,7.17,7,7.17,7.25,7.08,10,10,10,6.75,North America
Mexico,7.17,7.08,7.08,7.08,7.5,7.33,9.33,10,10,7.33,North America
Mexico,7.33,7.25,7,7.42,7.17,7.17,9.33,10,10,7.25,North America
Mexico,7.17,7.33,7.08,7.58,7.33,7.08,10,9.33,10,7,North America
United States (Hawaii),7.5,7.42,7.58,7.42,7.5,7.58,8.67,8.67,10,7.58,North America
Kenya,7,7.08,7,7.17,7.25,7.25,10,10,10,7.08,Africa
Guatemala,7.33,7.25,6.92,7.33,7.25,7.33,9.33,10,10,7.08,Americas
Nicaragua,6.83,7.17,7.17,6.92,7.5,7.08,10,10,10,7.17,Americas
Mexico,7.17,7.08,7,7.25,7.5,7,10,10,10,6.83,North America
United States (Hawaii),7.58,7.08,6.83,7.17,7.5,7.17,9.33,10,10,7.17,North America
Guatemala,7.5,7.42,7.25,7.58,7.33,7.42,9.33,9.33,9.33,7.25,Americas
Taiwan,7.75,7.33,7.17,7.33,7.67,7.83,9.33,9.33,8.67,7.33,Asia
Taiwan,7.08,7.08,7.25,7,7.17,7.17,10,10,10,7,Asia
Thailand,7.25,7.08,6.92,7.5,7.08,6.92,10,10,10,7,Asia
Peru,7,7.08,7,7.25,7.5,7.42,9.33,10,10,7.17,Americas
Costa Rica,7.58,7.5,7.67,7.75,7.67,7.58,8,8,10,8,Americas
Mexico,7.58,7.08,7,7,7.5,6.92,10,10,10,6.67,North America
Mexico,7.58,7.08,6.92,7.58,7.5,6.92,10,9.33,10,6.83,North America
Mexico,7.25,7.08,7,7.17,7.17,7.08,10,10,10,7,North America
Mexico,7.25,7.17,7.17,7.08,7.17,7,10,10,10,6.92,North America
Mexico,7.33,7.25,7,7.08,7.08,7,10,10,10,7,North America
Guatemala,7.58,7.33,7.5,7.33,7,7.33,9.33,9.33,9.33,7.67,Americas
Mexico,7.25,6.83,6.92,7.08,7.25,7.08,10,10,10,7.33,North America
Guatemala,7.42,7.42,7.25,7.58,7.42,7.33,9.33,9.33,9.33,7.25,Americas
El Salvador,7.25,7.08,7,6.83,7.33,7.17,10,10,10,7,Americas
Thailand,6.92,7.17,6.83,7.42,7.17,7.08,10,10,10,7.08,Asia
Guatemala,7.5,7,6.83,7.08,7.08,7.17,10,10,10,7,Americas
Mexico,7.42,7.25,6.83,7.58,7.17,6.58,10,10,10,6.83,North America
Mexico,7.33,7.17,7,6.75,7.08,7,10,10,10,7.33,North America
Mexico,6.92,7.17,7.17,7.17,7.08,7.08,10,10,10,7.08,North America
Thailand,7.17,7.17,7,7,7.25,6.92,10,10,10,7.17,Asia
Mexico,7.08,7,6.92,7.33,7.25,7.08,10,10,10,6.92,North America
Mexico,7.25,6.92,6.92,7.33,7.25,7,10,10,10,6.92,North America
Colombia,7.25,7.17,7,6.75,7.17,7.33,10,10,10,6.92,Americas
Guatemala,7.08,7,6.83,7.33,7.25,7,10,10,10,7.08,Americas
Nicaragua,6.92,6.92,7,7.42,7.25,7,10,10,10,7,Americas
Taiwan,6.92,7,7.17,7,7.42,7,10,10,10,7,Asia
Colombia,7.83,7.5,7.42,7.42,7.67,7.5,10,6.67,10,7.5,Americas
Mexico,7.25,7.08,6.92,7.25,7.58,7.08,9.33,10,10,7,North America
Mexico,7.25,7.33,7,7.25,7.17,7.17,9.33,10,10,7,North America
Guatemala,7.08,7.33,7.25,7.58,7.33,7.42,9.33,9.33,9.33,7.42,Americas
Guatemala,7.25,7.33,6.83,7,7,7.17,10,10,10,6.83,Americas
Mexico,7,6.83,6.83,7.42,7.33,7.17,10,10,10,6.83,North America
Cote d?Ivoire,7.42,7.25,6.83,7,7.33,7.08,9.33,10,10,7.08,Africa
Colombia,7.42,7.25,6.75,7.25,7.42,7.25,9.33,9.33,10,7.33,Americas
Mexico,7,7,6.83,7.33,7.42,6.92,10,10,10,6.83,North America
Mexico,7.42,7.17,7.08,7.17,7.08,7.08,9.33,10,10,7,North America
Guatemala,7.17,6.5,6.33,7.25,7.58,7.33,10,10,10,7.17,Americas
Taiwan,7.08,6.83,6.83,7.25,7.42,7.08,10,10,10,6.75,Asia
Mexico,7,7,6.92,7.17,7.17,7.08,10,10,10,6.92,North America
Guatemala,7.33,7.42,7.33,7.42,7.5,7.42,8.67,9.33,9.33,7.42,Americas
Honduras,7.58,7,6.75,6.92,7,6.92,10,10,10,7,Americas
Guatemala,7.08,7,6.92,7.42,7,6.92,10,10,10,6.83,Americas
Guatemala,7.25,7.17,6.75,7.25,7,6.92,10,10,10,6.83,Americas
Costa Rica,7.17,7.42,7.5,8,7.25,7.83,10,10,6.67,7.33,Americas
Mexico,7.25,7.08,6.92,7.08,7.17,7.17,9.33,10,10,7.17,North America
Mexico,7.17,6.92,6.92,7.08,7.17,7,10,10,10,6.92,North America
Mexico,6.75,6.75,6.83,7.25,7.58,7.08,10,10,10,6.92,North America
Guatemala,7.58,7.67,7.42,7.42,7.67,7.67,8.67,8.67,8.67,7.67,Americas
United States (Puerto Rico),7.42,7.08,6.75,7.33,7.33,6.92,10,9.33,10,6.92,North America
Mexico,7.33,7,6.92,7.25,7.33,7.08,9.33,10,10,6.83,North America
Mexico,7.25,7.08,6.75,7.33,7.42,7,9.33,10,10,6.92,North America
Mexico,7.17,7.25,7.25,7.17,7.25,7.08,9.33,9.33,10,7.25,North America
Guatemala,7.33,7.17,6.58,7.42,7.08,6.83,10,10,10,6.58,Americas
Honduras,7,7,7,7,7,7,10,10,10,7,Americas
Peru,7.67,7.17,7.08,7.25,8,7.5,8.67,9.33,9.33,7,Americas
Mexico,6.75,7.08,6.67,7.25,7.17,7.08,10,10,10,7,North America
Mexico,7.5,7.17,6.92,7.5,7.25,7,8.67,10,10,7,North America
Mexico,7.17,6.83,6.83,7.25,7.17,6.92,10,10,10,6.83,North America
Mexico,7.33,7,6.75,7.08,7.17,7.25,9.33,10,10,7,North America
Mexico,7.5,7,6.92,7.08,6.92,6.75,10,10,10,6.75,North America
Nicaragua,7.17,7,6.92,7,7,7,10,10,10,6.75,Americas
United States (Hawaii),7.5,6.92,6.92,7.25,7.58,7.42,9.33,9.33,9.33,7.17,North America
Guatemala,7.33,7.08,6.33,7.25,7,7,10,10,10,6.75,Americas
Mexico,7.25,6.83,6.83,7,7.17,7,10,10,10,6.67,North America
Mexico,7.25,7.33,7.17,7.25,7.08,7,8.67,10,10,7,North America
Mexico,7.67,7.17,6.83,7.33,7.58,7.17,9.33,10,8.67,7,North America
China,7,6.92,6.83,7.17,7.17,7.17,10,10,9.33,7.08,Asia
Mexico,6.92,6.92,6.67,7.25,7.17,6.92,10,10,10,6.83,North America
Nicaragua,7.08,7,6.75,6.83,7.08,6.92,10,10,10,6.92,Americas
Nicaragua,6.83,7.08,6.92,6.75,7.25,7.08,10,10,10,6.67,Americas
Guatemala,7.33,7.17,6.92,7.58,7.25,7.17,8.67,9.33,10,7.17,Americas
Taiwan,6.83,6.75,7.17,7.25,7,6.92,10,10,10,6.67,Asia
Mexico,7,7,6.75,7.33,6.92,6.92,10,10,10,6.67,North America
Mexico,7.92,7.58,7.58,7.92,7.92,7.5,8,6.67,10,7.5,North America
United States (Hawaii),7.92,6.83,7.08,7.42,6.75,7.33,8.67,9.33,10,7.25,North America
Mexico,7.25,6.75,6.92,6.92,7.25,7.58,9.33,9.33,10,7.17,North America
Mexico,7.08,6.83,6.83,7,7,6.92,10,10,10,6.83,North America
Mexico,7.25,7.17,7,6.83,7.58,7.08,8.67,10,10,6.92,North America
Brazil,6.83,7,6.92,7.08,6.92,6.83,10,10,10,6.83,Americas
Mexico,7.58,7.17,7,7.17,7.33,7,8,10,10,7.17,North America
United States (Hawaii),7.5,7.75,7.58,7.83,7.92,7.92,7.33,8,8.67,7.83,North America
Guatemala,7.17,6.5,6.67,7,7.17,7.17,10,10,10,6.67,Americas
Guatemala,7.17,7.17,6.5,7.17,7,6.83,10,10,10,6.5,Americas
Mexico,7.25,7.25,7,7.5,7.33,7.42,8,9.33,10,7.75,North America
Guatemala,7.17,6.08,6.17,7.25,7.33,7.33,10,10,10,7,Americas
United States (Hawaii),7.5,7.5,7.33,7.58,7.5,7.42,8.67,8.67,8.67,7.42,North America
United States (Hawaii),7.42,7.33,7.33,7.5,7.67,7.75,8,8.67,9.33,7.25,North America
Indonesia,6.92,6.83,6.92,6.92,6.92,6.83,10,10,10,6.83,Asia
Mexico,7.08,6.83,6.67,7.25,7.25,6.92,10,9.33,10,6.75,North America
Taiwan,7.5,7.08,7.33,7.17,7.5,7.5,6.67,10,10,7.25,Asia
Honduras,6.83,7,6.67,7,7,6.83,10,10,10,6.67,Americas
United States (Hawaii),7.58,7.33,7.5,7.42,7.5,7.33,8,8.67,9.33,7.33,North America
Guatemala,7.42,7.25,6.83,7.33,7,6.92,9.33,9.33,9.33,7.25,Americas
China,7.33,7.17,6.92,7.08,7.33,7,9.33,9.33,9.33,7.17,Asia
Guatemala,7,6.83,6.83,7.17,6.67,6.83,10,10,10,6.67,Americas
Mexico,7.25,7.33,7,7,7.25,7.08,10,10,8,7.08,North America
Colombia,7.42,7.17,7,7.17,7.67,7.17,8.67,9.33,9.33,7.08,Americas
Costa Rica,7.5,7.25,7.42,7,7.08,6.83,8.67,9.33,10,6.83,Americas
Mexico,7.42,7.25,7,7,7.25,7.08,8,10,10,6.92,North America
Guatemala,7.17,6.17,6.17,7.08,7.33,6.83,10,10,10,7.17,Americas
Nicaragua,7.42,7,7,7.17,7.08,7,9.33,8.67,10,7.17,Americas
Brazil,7,6.75,6.67,6.83,7.08,6.83,10,10,10,6.67,Americas
Guatemala,7,6.83,6.67,7.17,6.83,6.83,10,10,10,6.5,Americas
Taiwan,7.17,6.75,6.58,7.33,7.33,7.17,9.33,9.33,10,6.67,Asia
United States (Hawaii),7.58,7.67,7.58,7.67,7.42,7.42,9.33,9.33,6,7.58,North America
Mexico,7.17,6.75,6.58,6.75,6.83,6.75,10,10,10,6.67,North America
Guatemala,7.08,6.92,6.33,7,6.92,7,10,10,10,6.17,Americas
Brazil,7.5,7.33,7.42,7.58,7.58,6.92,8,8,10,7,Americas
Guatemala,7.33,7,6.83,7.17,7.17,7.17,9.33,9.33,9.33,6.67,Americas
Mexico,7.33,7,6.67,7,6.92,6.92,9.33,9.33,10,6.83,North America
Haiti,6.83,6.83,6.83,6.75,6.92,6.92,9.33,10,10,6.83,Americas
United States (Hawaii),7.08,6.92,6.83,6.67,7.58,7.42,8.67,9.33,10,6.75,North America
Mexico,7.08,7,7,7.25,7.33,7.25,8.67,8.67,10,6.92,North America
Peru,7.42,7.75,7.42,7.67,7.92,7.83,8.67,5.33,9.33,7.67,Americas
India,7.67,7.33,7.17,6.67,7.17,7.42,9.33,10,6.67,7.42,Asia
Mexico,6.67,6.33,6.42,6.83,7,6.92,10,10,10,6.58,North America
Guatemala,6.42,6.5,6.5,7.33,6.33,6.92,10,10,10,6.5,Americas
Mexico,7.17,6.58,6.58,7,7.25,6.58,9.33,9.33,10,6.58,North America
Guatemala,7.5,7,6.83,7.5,7.17,7.33,8.67,8.67,8.67,7,Americas
Guatemala,6.17,6.5,6.5,7.17,7,6.83,10,10,10,6.17,Americas
United States (Hawaii),7.25,7.08,6.83,7.17,7.33,6.83,8.67,8.67,9.33,7.08,North America
United States (Hawaii),7.5,7.33,7.33,7.58,7.67,7.25,8,8,8,7.5,North America
Mexico,7.42,7,6.83,7.08,6.92,6.83,7.33,10,10,6.75,North America
Indonesia,7.33,7,6.5,6.08,7.58,6.33,9.33,10,9.33,6.67,Asia
Mexico,7.08,6.83,6.83,7.17,7.17,7.08,10,7.33,10,6.58,North America
Honduras,6.83,6.83,6.67,6.83,7,6.83,9.33,8.67,10,7,Americas
Philippines,6.83,6.5,6.5,6.92,6.75,7,9.33,10,9.33,6.67,Asia
Brazil,7.17,7,6.83,7.5,7.17,7,8,8,10,7,Americas
Guatemala,7.92,7.58,7.17,7.58,7.33,7.17,8,8,8,6.83,Americas
Guatemala,6.67,6.5,6.33,7,7.17,6.75,8.67,10,10,6.5,Americas
Mexico,7.5,7.25,6.92,7,7.17,6.83,8,8,10,6.83,North America
Mexico,7.17,6.92,6.67,6.83,7.25,7.75,10,6,10,6.58,North America
Mexico,7.25,6.83,6.67,7.08,7.17,6.83,10,6.67,10,6.67,North America
Mexico,7.17,7.17,6.83,7.17,7.42,6.67,8.67,7.33,10,6.75,North America
Mexico,7,6.92,6.75,6.92,7.17,6.83,10,6.67,10,6.75,North America
Mexico,7.08,6.75,6.58,7,7,6.75,8.67,8.67,10,6.42,North America
Mexico,7.33,6.75,6.67,7.25,7.5,7,10,5.33,10,7,North America
Guatemala,6.75,6.5,6.17,7,7.25,6.75,8,10,10,6.33,Americas
Guatemala,6.75,6.67,6.17,7.17,7,6.58,8,10,10,6.42,Americas
Mexico,7.08,7,6.83,7.5,7.33,6.83,8,7.33,10,6.75,North America
United States (Hawaii),7.5,7.25,7,7.25,7.42,7.33,8,8.67,6.67,7.33,North America
Guatemala,6.5,6.33,6.5,7.5,7.33,6.83,8.67,10,8.67,6,Americas
Mexico,7,6.58,6.67,6.83,7.08,6.83,10,6.67,10,6.67,North America
Mexico,6.92,6.42,6.17,7.33,7.25,6.75,10,6.67,10,6.5,North America
Mexico,7.67,7,7.17,7.58,7.33,7.33,10,2.67,10,7.08,North America
United States (Hawaii),7.17,7.17,7.17,7.58,7.67,6.92,9.33,6.67,6.67,7.33,North America
Brazil,7.25,6.58,6.58,7,7,6.42,8,8,10,6.67,Americas
Honduras,7,7.17,6.83,7.17,7,7.17,8,8,8,7.08,Americas
Mexico,7.08,7.08,6.92,7.08,6.92,6.92,8,8,8,6.92,North America
Colombia,8,7.33,7.75,7.33,7.42,7.67,6.67,6.67,6.67,7.33,Americas
United States (Hawaii),6.92,6.92,6.92,7.5,7.58,7.17,6.67,6.67,9.33,6.92,North America
Haiti,6.92,6.75,7.08,7.17,7.33,6.67,10,5.33,8.67,6.42,Americas
Costa Rica,6.33,6.5,6.33,6.83,6.33,6.5,10,6.67,10,6.25,Americas
Mexico,6.92,6.92,6.92,6.92,7.17,7,10,2.67,10,6.58,North America
Mexico,6.5,6.67,6.42,7.17,7.33,6.5,8,6,10,6.42,North America
Mexico,6.92,7,6.83,6.92,7.42,6.92,6,6,10,6.75,North America
Brazil,7,7,6.83,7,7.33,6.83,6,6,10,6.67,Americas
Honduras,6.67,6.5,6.17,6.67,6.83,6.17,8,8,8,6.33,Americas
Honduras,7,6.17,6.17,6.67,6.5,6.17,8,8,8,6.5,Americas
Honduras,7,6.33,6.17,6.5,6.67,6.17,8,8,8,6.33,Americas
Mexico,7.08,6.83,6.25,7.42,7.25,6.75,10,0,10,6.75,North America
Haiti,6.75,6.58,6.42,6.67,7.08,6.67,9.33,6,6,6.42,Americas
Nicaragua,7.25,6.58,6.33,6.25,6.42,6.08,6,6,6,6.17,Americas
Guatemala,7.5,6.67,6.67,7.67,7.33,6.67,8,1.33,1.33,6.67,Americas
Honduras,0,0,0,0,0,0,0,0,0,0,Americas
Uganda,7.83,8.08,7.75,7.92,8.25,7.92,10,10,8,8,Africa
India,8,7.75,7.92,8,7.92,7.92,10,10,8,8,Asia
India,7.92,7.83,7.92,8,7.83,7.92,10,10,7.83,8,Asia
Uganda,8,7.92,7.92,7.75,7.83,7.75,10,10,7.75,8.08,Africa
Uganda,8.33,7.83,7.83,7.75,8.25,7.75,10,10,7.58,7.67,Africa
India,8,7.92,7.67,8,7.75,7.92,10,10,7.75,7.75,Asia
India,7.67,7.75,7.83,7.83,7.92,7.75,10,10,8,7.83,Asia
India,7.67,7.75,7.83,7.67,7.92,7.83,10,10,7.92,7.92,Asia
India,7.67,7.75,7.58,7.83,7.83,8,10,10,7.92,7.92,Asia
Uganda,7.67,7.83,7.83,7.83,7.92,7.75,10,10,7.75,7.83,Africa
Uganda,7.58,7.92,7.75,7.83,7.5,7.67,10,10,7.67,7.83,Africa
India,7.67,7.83,7.75,7.5,7.75,7.58,10,10,7.75,7.75,Asia
India,7.58,7.58,7.67,7.58,7.67,7.67,10,10,7.5,8.33,Asia
Uganda,8,7.75,7.75,7.58,7.67,7.5,10,10,7.58,7.67,Africa
Uganda,8,7.67,7.75,7.5,7.67,7.58,10,10,7.58,7.75,Africa
India,7.75,7.75,7.67,7.67,7.58,7.58,10,10,7.58,7.83,Asia
India,7.5,7.5,7.25,7.83,7.67,7.83,10,10,7.83,7.83,Asia
Uganda,7.33,7.58,7.5,7.75,7.75,7.67,10,10,7.75,7.58,Africa
Uganda,7.83,7.58,7.33,7.67,7.5,7.5,10,10,7.75,7.42,Africa
Uganda,7.75,7.42,7.33,7.58,7.67,7.58,10,10,7.67,7.5,Africa
India,7.67,7.67,7.5,7.33,7.58,7.5,10,10,7.42,7.5,Asia
India,7.58,7.42,7.42,7.83,7.42,7.5,10,10,7.42,7.58,Asia
United States,7.92,7.5,7.42,7.42,7.42,7.42,9.33,10,7.58,7.33,North America
Ecuador,7.75,7.58,7.33,7.58,5.08,7.83,10,10,7.75,7.83,Americas
Ecuador,7.5,7.67,7.75,7.75,5.17,5.25,10,10,8.42,8.58,Americas
United States,7.33,7.33,7.17,7.42,7.5,7.17,9.33,9.33,7.42,7.17,North America
India,7.42,6.83,6.75,7.17,7.25,7,9.33,9.33,7.08,6.92,Asia
Vietnam,6.75,6.67,6.5,6.83,6.92,6.83,9.33,9.33,6.67,7.92,Asia
